End of Period,Cash on Hand,Due from Central Bank,Due from Domestic Banks,Cash Items in Process of Collection,Foreign Currency on Hand and Balances Due from Banks,Investments_Govt.of Sri Lanka_Treasury Bills,Investments_Govt.of Sri Lanka_Treasury Bonds (b),Investments_Govt.of Sri Lanka_Other Govt. of Sri Lanka Securities,Investments_Other Investments (c),Loans and Advances_Bills Purchased and Discounted_Local,Loans and Advances_Bills Purchased and Discounted_Imports,Loans and Advances_Bills Purchased and Discounted_Exports,Loans and Advances_Overdrafts,Loans and Advances_Loans,Loans and Advances_Total Loans and Advance (b),Fixed and Other Assets,Total Assets or Liabilities,Percentage of Liquid Assets to Demand Deposits,Percentage of Loans & Advances to Total Deposits
1995-12-01,4485.994742,30962.845475,6049.143434,8310.739411,21834.527403,11551.804656,0.0,752.531031,6962.320944,217.671026,8970.114563,5610.733118,64525.614639,107668.216861,186992.35020699998,57611.330171,335513.58747399994,196.56479005240664,81.9410039349653
1996-01-01,5321.885264,28540.250316,2566.946471,8566.321166,20271.248845,15163.488061,0.0,896.039281,7311.374896,157.80518,11732.115055,5545.114999,63545.408192,110364.21197,191344.65539600002,56752.356275,336734.565971,205.31428835633645,83.58231840318454
1996-02-01,5233.078876,31181.86592,6562.955123,7595.766277,19990.897988,18088.356537,0.0,759.053253,7632.867467,155.881856,12873.676457,6107.589001,60824.734614,111973.740906,191935.622834,58239.449111,347219.91338600003,215.837057336021,82.51504051682919
1996-03-01,4641.400617,29368.574536,5027.76551,7565.878078,18965.13864,19242.785918,0.0,759.053253,8099.129313,124.672808,12054.457977,5810.352719,60997.787489,115939.943813,194927.214806,63218.209269,351815.14994000003,196.9889571800196,82.62174323819782
1996-04-01,6626.125783,30124.069395,5158.832911,8017.791223,19631.999307,22017.640439,0.0,847.232456,8320.494425,122.58395,11744.706956,5619.248844,60193.051007,117167.043799,194846.634556,61626.328338,357217.148833,206.40786373244458,80.4605723923316
1996-05-01,5366.342086,33452.456203,4678.433377,7898.94062,22585.653148,19079.140026,0.0,847.232456,8965.036085,126.659298,10975.925749,5540.253496,62662.313385,118541.01723,197846.169158,57669.070038,358388.473197,220.23266717715518,81.35695737805314
1996-06-01,5022.446631,30335.136372,5176.605914,7620.611306,26049.314887,16435.970924,0.0,840.399031,9144.91321,120.769853,9472.931924,5492.800987,62759.524011,120021.081065,197867.10784,57997.162142,356489.668257,223.0037862167618,82.2696241295702
1996-07-01,5661.473162,31466.552487,5028.450041,9562.970283,24838.39384,14769.749974,0.0,840.399031,11036.603594,168.31016,11788.714414,5644.529073,64275.504052,119678.725843,201555.783542,61102.912211,365863.288165,212.55736069142782,82.96579728363947
1996-08-01,5099.046763,31190.827733,5170.545382,7700.464039,25686.563415,15556.180894,0.0,840.399031,10160.343335,148.199882,11693.574734,6412.254364,64873.31196,122221.780118,205349.121058,58690.72655,365444.2182,222.09181382018082,84.60778415361298
1996-09-01,5938.929553,32907.754181,4926.410816,9601.972189,23913.049605,14633.322388,0.0,840.399031,10547.22655,179.925235,11510.16137,6075.293935,65902.413592,125527.922351,209195.716483,60640.019966,373144.80076199997,205.69610514820843,84.49654706944345
1996-10-01,5497.835167,27683.159401,5918.1175,5581.909929,21938.527213,17601.944935,0.0,840.399031,10690.423783,122.461632,10430.728372,6186.196309,64542.477038,121331.330777,202613.194128,77357.037112,375722.548199,204.20814902067463,81.45157413198852
1996-11-01,5048.814965,32562.360805,7817.903763,5195.429808,22564.716786,13727.886516,0.0,840.399031,10617.915322,128.005938,10155.234737,6647.717673,66863.503181,117715.284614,201509.746143,78812.250878,378697.42401699995,200.47359991457947,80.02105358716533
1996-12-01,6914.981796,34272.890262,7054.089912,7863.746782,22245.640496,15530.047989,0.0,840.399031,10582.167842,138.115575,12386.346162,6204.990274,65949.581255,117743.058141,202422.091407,82070.317542,389796.373059,199.93128819722068,77.28889095656076
1997-01-01,5839.95391,30082.513801,6800.574212,5265.429289,24199.201428,17770.142405,0.0,840.399031,10887.782616,117.699812,12463.624422,6409.772585,64469.175282,120042.115405,203502.387506,82797.009036,387985.39323399996,203.70662412713128,77.79530054822735
1997-02-01,5332.95616,32188.480654,7285.507589,5274.29425,25015.151175,16457.63687,0.0,840.399031,11080.887517,81.236137,12147.593998,6344.675697,67687.037857,121167.920141,207428.46383,80492.299545,391396.076621,214.5261486012702,79.11503873203058
1997-03-01,6353.694319,19906.361488,8548.532785,5571.183558,26267.344612,26308.31603,85.0,840.399031,11462.79915,80.772123,13571.848868,6671.344498,67386.211122,124967.275342,212677.45195299998,84473.385467,402494.468393,213.1057979597448,79.7407050408896
1997-04-01,7946.585686,24868.420334,8021.69913,4855.395161,28983.132192,23688.359664,456.2012,840.399031,11525.966883,81.497371,14011.652262,6937.652629,65769.040052,125847.543065,212647.38537899998,78795.467463,402629.012123,230.2123065013261,79.21315787466693
1997-05-01,6268.33313,31192.804779,8605.847273,6518.723409,28010.032084,20409.425986,859.976089,840.389442,11349.407556,79.361754,13351.037426,6730.790437,67103.124876,125259.678042,212523.992535,83818.27645,410397.208733,222.37716219319307,78.3840117437934
1997-06-01,6746.864011,29054.032987,8084.208818,7276.284144,30302.523504,21307.316336,779.941458,840.389442,11608.168418,93.615358,12431.123534,6762.566785,68428.222722,127566.944754,215282.473153,83518.511203,414800.713474,228.16348383582002,78.70398692522782
1997-07-01,6343.27229,25936.05342,8395.742449,6769.611109,31698.827096,24323.655185,946.086154,840.389442,11902.926223,109.658615,12891.092962,6424.05314,67432.860681,128846.896208,215704.561606,86765.286084,419626.41105800006,221.7992976024019,77.1618725925896
1997-08-01,5735.410222,29582.479875,7606.655793,5286.545207,31681.12045,29052.798591,1136.579148,840.389442,11878.730546,80.868206,11195.932539,7097.640506,67174.171991,130173.154601,215721.767843,83296.773346,421819.25046300003,241.34715496270402,76.59018292956509
1997-09-01,6679.261008,29671.669459,5768.749824,6734.616478,32307.273223,32676.889634,1256.446282,840.389442,12833.661025,83.337837,10279.346598,7057.22233,65489.459274,132171.346321,215080.71236,85492.123674,429341.79240900005,244.21007870592305,74.83408411515569
1997-10-01,6443.718908,29982.995268,4970.669526,9277.036337,35776.815808,27364.240488,1509.181985,840.389442,12330.918326,76.694458,11236.794149,7617.256771,65996.207487,132305.114573,217232.067438,88735.616944,434463.65047,243.65836625483243,75.03435938513257
1997-11-01,6166.58861,29047.533088,4253.33687,6103.008766,36567.006408,28531.343211,1781.009004,840.389442,12366.523467,76.022281,12566.711368,7666.594445,68533.194336,134059.911453,222902.433883,85362.152463,433921.32521200005,249.15655206865105,76.18483522484298
1997-12-01,7454.837335,29045.173572,6519.164416,7538.419942,41631.014755,20489.950161,1775.641415,840.389442,12300.52569,76.818641,13458.551204,6964.934272,71976.859711,137711.026724,230188.190552,85007.255607,442790.562887,229.39480473103396,76.15949721238887
1998-01-01,6159.689774979999,23549.96651223,9079.829674,7582.521071,43830.82112656,19824.640272369998,2542.618391,840.389442,12004.385251,87.463224,14250.102064,7389.63939092,70641.76319394,138671.04765713,231040.01552999,94257.249877,450712.12692213,228.35138668573154,76.3342998605009
1998-02-01,6400.110735,30123.591219,9724.471968,6367.68521,45421.469021,16858.580635,2279.98728,340.389442,12448.32274,75.355648,13592.017056,7591.811691,71838.407963,139312.052126,232409.644484,88984.2174,451358.47013399994,248.04127031016392,76.92669532150325
1998-03-01,8419.359965,28549.790239,7553.809993,5956.461883,47570.212788,17060.726127,2498.887541,340.389442,12643.573134,73.637749,14409.838869,7777.570694,72630.730772,139993.730461,234885.508545,96937.307763,462416.02742,233.92716904862291,76.05780016631508
1998-04-01,8221.259344,28016.6936,9972.788506,4405.827141,43913.3352,18493.872075,2303.946315,340.389442,12503.762226,13.537278,16291.60986,7009.37658,73304.928676,142769.939694,239389.392088,95952.473061,463513.738998,236.61327963433175,76.81268830748228
1998-05-01,7425.972864,31150.419609,10829.225166,6716.387509,45571.141683,17730.704751,2456.961501,340.389442,13005.842777,14.491702,16619.968293,6920.273424,73039.560785,144232.848416,240827.14262,92034.779772,468088.96769399993,228.9144886851535,76.03496610918968
1998-06-01,8029.357328,28049.592222,10067.91966,6869.533787,42284.4261,17466.943272,2487.754246,340.389442,13139.895199,16.577303,18004.152436,7720.333992,73922.725859,144708.478714,244372.268304,89847.777521,462955.85708100005,230.72345896211132,77.39105577043574
1998-07-01,7912.422252,30642.382976,9257.077117,8549.626684,44302.292012,13415.44507,3545.880822,340.389442,13100.574717,12.968458,18770.628009,8005.561142,76537.379276,142673.730382,246000.26726700002,99360.050598,476426.408957,231.87557431459686,77.8803586425696
1998-08-01,8253.673648,31982.224927,8928.841169,7267.970313,47335.614467,12083.422481,5102.792847,340.389442,12905.925034,14.382366,20287.308399,7926.459184,75107.338408,145650.238769,248985.72712599998,94174.101577,477360.68303099996,238.7947887935032,78.71411683557882
1998-09-01,8315.430773,30395.5317,11565.993357,7438.187003,46456.447648,11715.737284,4796.595303,340.389442,12818.308713,14.0118,18317.448727,7766.019576,77537.985152,146263.032705,249898.49795999998,96393.980294,480135.099477,221.36628927354815,77.80141877465883
1998-10-01,7377.688934,30570.177918,10034.201751,7671.330519,49761.593768,14276.698034,3086.387948,340.389442,12945.560618,10.839696,19487.360878,7121.225628,77429.964558,150403.479948,254452.870708,95035.704039,485552.60367899993,243.38913050342722,78.2771271448362
1998-11-01,7784.07257,29855.372567,11002.212586,7865.999294,50906.23732,11628.271819,5414.061261,340.389442,13065.949854,15.916436,19326.147834,7433.495839,79481.230851,150350.270915,256607.061875,98313.891957,492783.52054500004,226.79612035090935,77.21313053898098
1998-12-01,8319.71817326,31347.718958,11803.1441,8201.704067,52227.18359008,13552.168049,5008.298939,340.389442,13312.99415943,11.080532,21145.946665,6815.2239586099995,82223.92043093,153580.074249,263776.24583554,93793.22708167999,501682.79239499,241.8788379669327,77.70507094326977
1999-01-01,7827.998903,28621.935354,11500.763608,8007.910655,52892.530092,12572.024031,6218.185019,340.389442,13502.83271643,12.105147,23303.377112,6341.662708,78918.577173,155163.50818,263739.23032,98199.949682,503423.74982243,238.22615059569944,77.31828884357697
1999-02-01,6232.015778,30938.898945,12717.620809,8155.371227,59626.331199,10423.093606,7387.932285,340.389442,13480.17864043,12.708566,22827.794199,6493.328894,78214.525843,156075.574375,263623.931877,97611.878317,510537.64212543005,250.43152574481834,76.12686192933296
1999-03-01,9945.316635,30630.087389,8793.824896,8465.124072,58552.403186,8766.682259,4496.637154,340.389442,13417.20959843,13.776323,22813.787059,6520.559464,84626.383452,155463.552343,269438.05864099995,98065.017775,510910.75104743,243.94823331252678,77.65927575464687
1999-04-01,9198.409118,29633.708074,12778.977969,13223.295116,60309.197063,8271.557175,5061.071151,340.389442,13438.45595043,17.256152,25191.995389,6510.833724,88213.750785,157506.656615,277440.492665,103703.410317,533398.96404043,239.11669565108372,79.32825053701485
1999-05-01,8279.514247,27277.117952,11520.606219,11913.066124,62694.20286,7403.441719,6170.254395,340.389442,13528.36209443,13.474094,26303.134954,6241.516434,86379.294786,160732.369651,279669.789919,105600.557048,534397.3020194301,240.44527794626228,79.02852530413514
1999-06-01,9470.118943,28811.599122,10851.001182,8846.482595,58413.455644,7709.559611,8851.812925,340.389442,13718.32839543,9.194638,25125.035108,6213.345235,83303.463309,163834.838676,278485.876966,102498.271678,527996.89650343,242.95185487046248,78.01959092688709
1999-07-01,8384.349258,29546.130814,11866.960915,8949.897477,60194.016483,10006.514528,8498.314901,340.389442,13925.06907943,11.102981,24316.24733,6930.664131,84651.945193,164815.549529,280725.50916400005,106227.509955,538664.66201643,250.036636049074,77.8875419729692
1999-08-01,9827.69273774,25887.0441634,14373.526816,8171.636322,60046.13340184,6765.593062,8581.982742,340.389442,13832.46942243,10.516127,23648.75020834,7129.809825450001,85710.91991899001,167331.03497,283831.03104978,108358.48118461999,540015.98034381,236.98308347491155,78.45623361270023
1999-09-01,8980.096919459998,27642.81802509,14256.513225,7885.815227,61356.00893622,8191.99444528,8744.742151,88.218642,14367.29367943,9.927239,23944.69535986,7492.8535269700005,86716.29927385,169654.44226187,287818.21766155,103110.18606865,542441.90498068,242.64353623670985,78.46292912290447
1999-10-01,8251.54679,32038.227331,15121.101465,8288.056266,66139.368915,7867.865278,7295.183931,88.218642,13953.399387,8.753713,22688.196925,6774.896728,85643.67031,173803.487406,288919.005082,101771.47800564999,549733.45109265,255.64404237193318,77.60358113748288
1999-11-01,9772.31371,30463.6657855,12474.904299,10582.179189,66843.8433335,9441.157809,8679.876446,88.218642,13988.866503,17.150563,23398.468561,6436.901475,86549.989303,179344.890651,295747.400553,100476.228757,558558.6550269999,249.91344228240231,77.80882047024078
1999-12-01,11728.82559,28381.433202,14585.638949,8967.549794,69853.627988,11627.599369,7503.132857,88.218642,13554.219068,8.256988,22122.654748,6462.956361,91956.507056,184264.734845,304815.10999799997,99750.047274,570855.402731,246.35656662171579,78.24234545542652
2000-01-01,9951.248735,29472.407671,15432.913228,10576.920607,71605.927866,11844.422871,8827.232608,88.218642,13446.525453,10.169602,23363.266225,6498.882751,87982.454591,182573.253495,300428.026664,104971.545516,576645.389861,252.31174169248237,76.42461533278345
2000-02-01,9319.89666059,29122.89593409,12831.579522,8963.405168,73700.74576161,15608.090763,9439.759722,88.218642,14195.251391,13.7665645,24758.536024,6697.31810045,86996.79736152,185269.91930108,303736.33735155,105413.39538275999,582419.5762986,262.3382736966242,76.30435404265248
2000-03-01,10240.57260856,32953.15858755,12265.49369,7888.201878,75957.69585070999,7965.377685,7657.381355,88.298642,14707.505519,9.183001,23106.372473,7139.411562969999,94770.88399322999,188020.38053793,313046.23156812997,104981.64790862,587751.5652925699,261.09329794195634,78.46550750779375
2000-04-01,11857.285153,32440.666253,14910.502686,10186.164207,77529.038952,9855.609441,6458.605994,88.218642,14875.2079,8.850175,24226.138542,6667.615662,93460.296586,188961.91354426998,313324.81450926996,101901.416901,593427.53063827,271.3773916853049,78.6750391179259
2000-05-01,11638.20487124,36422.168301410005,12562.433268,7116.811368,75255.73268492999,6050.472750229999,10859.756388,88.218642,14555.257921,4.947386,15040.74616968,7034.75351798,101870.37851251,188168.52303870002,312119.34862487,102828.10536191,589496.51018159,269.78628455602376,78.67553721870955
2000-06-01,9990.90612351,34719.785368059995,14223.78704,7841.356172,75286.28452854001,6765.4174469,15122.285992,88.218642,14428.647387,5.483166,16157.92180548,7395.03553482,100348.01843416001,193391.73209429998,317298.19103476,108806.01998592001,604570.8997206901,259.9975844944717,78.52744639338854
2000-07-01,10388.536317040001,33647.80505075,11504.881086,7628.15141,64561.49525773001,6280.65067045,15693.091444,88.218642,15249.277727,4.63228175,16038.76683197,8186.614589399999,102174.38282442,195464.21396482,321868.61049235996,104588.28296092,591499.00105825,248.51959088313512,79.18356146403592
2000-08-01,9825.707445209999,26984.57043194,23564.171602,8086.831856,72495.59294637,5340.59966951,19350.13696,88.218642,15436.959518,6.564796,15436.59544227,8790.140365869998,101900.61963275999,196646.16768008,322780.08791698,106306.07806442001,610258.95505243,250.9722653896944,78.71751920272612
2000-09-01,9639.66554192,33319.68399995,14636.279252,10307.860693,74956.199803,5893.314632899999,13225.12638,88.218642,15379.743325,15.3982285,15679.38052021,8980.771273960001,105970.46596533,196514.18845279998,327160.2044408,105556.05686017999,610162.35357075,253.72148442440744,78.71898818662538
2000-10-01,11340.778473,21127.530141,25041.247881,10038.453026,85962.045965,4592.430207,13655.185274,88.218642,15671.486383,7.099439,16671.470772,8675.149795,109196.183348,197875.69262227,332425.59597627004,117567.90997,637510.8819382701,247.38525938279204,78.56232985998209
2000-11-01,10398.05457543,30797.976506979998,25709.878045,8175.326216,85716.06795939,5492.06084905,7326.518133,88.218642,15665.57905443,5.233295,18463.63227002,8902.79769836,115052.46297395,202850.6059883,345274.73222562997,104668.65249223998,639313.0646991499,270.54980289127116,81.28676387004865
2000-12-01,10669.179391709999,28873.133692569998,33102.424841,12460.717862,89032.44659551002,7402.33342132,7243.347386,88.218642,15643.25449143,15.96153123,21216.23305495,8788.16858753,119676.67587833,206966.27716094,356663.31621297996,116502.73449111,677681.10702763,246.50058475910643,80.05831590124225
2001-01-01,12134.3950151,29738.279366849998,28736.707661,10171.754299,94819.35973038,3498.20871557,7186.635027,88.218642,15501.31536443,42.694729280000004,26786.756427880002,9160.03541049,122229.36518644,203948.59552189,362167.44727598,111491.81727464001,675534.1383719499,287.78495717145,81.03287238659038
2001-02-01,11969.160680930001,26689.42011175,11140.574881319999,31423.001543,90225.51772251,5949.26165054,8974.456597,88.218642,15659.16040129,63.67472063,25454.19565419,8689.672614120002,124645.35716531,205608.983689,364461.88384325,130795.33750908,697375.9935826699,213.85877979505776,77.93413914986021
2001-03-01,12016.35156599,31307.594072400003,9600.620226,24373.149416,87260.35812013001,4557.84188021,5113.806734,88.298642,16285.07112449,81.16451225,27690.035254,8650.90688491,130028.29012642,208506.22672872,374956.62350630003,124479.46212132,690039.17740884,232.61397671761242,81.54712341758064
2001-04-01,12180.97273394,28951.238401529998,14319.631960530001,22219.370098,89494.50389349001,6905.19284251,7228.2077,88.298642,16480.99252362,57.2941066,27600.366094470002,7816.00979758,128808.89555172999,214057.89120613,378340.45675650996,124152.02890221,700360.8944543401,232.65754230196308,80.69275580834756
2001-05-01,11066.011791719999,21780.830712310002,13169.927833,21763.433378,98955.38390493001,5055.6149965,7946.772683,88.298642,16632.7942366,59.26525375,27818.5379337,8443.76920902,133033.55436552002,207051.23371546,376406.36047745,119773.22115670999,692638.6498122199,242.99757630190462,79.90226125574766
2001-06-01,9897.57255841,30909.45600928,13379.03351807,20078.468072,94999.6972008,5375.53413484,11205.722788,88.298642,17260.05096148,45.967155,24401.228596700003,7737.31246563,131034.89257324001,210462.46727656,373681.86806713,109801.51701557,686677.21896758,257.7536694244211,79.85073316187905
2001-07-01,10921.999808530001,32230.92499084,11458.955331,23477.955028,102554.67438599,5589.3521011,7443.986823,88.298642,17734.513073,46.42224885,14756.70113259,7873.1684774,132472.53490027,214309.60855804998,369458.43531716,111211.56834534001,692170.6638459599,244.3818153979764,77.78540338700725
2001-08-01,9862.224978,28797.348484,13088.7593,21051.915445,99061.159265,10047.128281,9623.157499,88.298642,16869.802786,42.295065,15965.243731,7533.057748,135452.135964,213185.50093327,372178.23344126996,112255.227115,692923.25523627,245.03576460578273,77.94826346060565
2001-09-01,9443.13814735,35392.22066841,14901.831173,26319.890006,98923.41162542999,12243.64329124,8151.551325,88.298642,17573.341649,46.827871,17084.7663617,7668.89075637,129708.38201311999,215527.82898676998,370036.69598896,116714.32203532,709788.34455171,250.9598097892416,76.44063762679549
2001-10-01,10963.34700345,33986.11093211,13650.689896,23881.680877,100463.89106416001,8366.968252,13780.346152,88.298642,20192.592711,53.411012,19163.280732,7796.01695168,132954.7125565,215580.52672866,375547.94798084,115292.89931248999,716214.77282305,253.10072136926084,76.28361440581104
2001-11-01,10047.14428054,31735.60825286,18309.781632,25355.80599,102305.39386679,10010.12959764,16833.584087,2463.923642,20279.414069,51.681789,15573.736894239999,7663.88025227,134399.66070196,218968.98512325,376657.94476072,116613.81957036999,730612.54974892,240.73695782273685,74.97945401877783
2001-12-01,11025.194760350001,38735.00507396,14583.533387,24709.599563,99957.95221881,9694.073999709999,19119.70536,4373.328064,19938.680369,49.50061711,17512.64871963,7935.95928032,139723.71868452,220014.20420862,385236.0315102,113782.39601477,741155.5003208001,241.89610504121862,74.25602190968482
2002-01-01,11106.261945040002,35703.33376899,17505.864962,26814.513748,98092.94833682,14267.96371566,13149.710867,4386.794642,20525.49255,57.555121,21389.502991,7851.26239807,138955.71839676,218241.29011738,386495.32902421,118832.10561082001,746880.31917054,241.8353878708865,74.18921547197749
2002-02-01,10855.72937523,28740.2196904,10775.6970502,23252.13091,100371.03682185001,28900.765133,20817.90518,4396.419642,20532.384424,55.264925,18598.994938,7802.300927190001,128861.370386,220893.82046043,376211.75163662,115280.5625105,740134.6023738,273.0759446492018,71.98551682365161
2002-03-01,11843.62381404,32886.91567885,14650.597612,26766.265074,104855.86961626001,17849.19986493,19619.73004,4432.244642,21348.828957,73.80436698,20922.266849,8436.23540685,135242.53951214,222746.80429794,387421.65043291,115271.13106805,756946.0568000401,260.33267087213505,72.4012236353325
2002-04-01,15435.610351110001,32402.5882174,15309.03285995,25390.350447,105599.58744927001,22340.16418385,24542.495711,4506.086242,21465.61288478,63.28744455,21684.68535066,7442.60493382,129887.98940112,224223.75637207,383302.32350222,119035.17686053,769329.0287091101,279.6285845464447,70.69131861142074
2002-05-01,12805.270328,36394.836905,12751.302469,22718.068353,105890.471873,26355.755379,26017.591312,4510.652642,22101.642401,59.139804,22887.433708,7092.515452,126337.344742,228441.466904,384817.90061,115671.097583,770034.5898549999,287.23197711736674,70.80675718568523
2002-06-01,11985.212237,35830.724843,14065.263714,10557.372014,103171.022834,34840.866499,26090.010368,9409.056616,22316.686021,66.666208,23475.267843,7385.281108,115934.998205,230680.318177,377542.531541,114338.105293,760146.85198,355.7630750492891,70.56905625850096
2002-07-01,13919.632349,39658.558836,15850.581354,10094.353613,104201.275282,35710.918849,25395.722324,8166.952856,22263.447336,48.373195,22537.17687,7405.812275,114486.459138,234990.96217,379468.783648,112324.185159,767054.4116059999,350.699502498967,69.92588694673131
2002-08-01,11640.146033,40148.071581,15862.065186,9439.315753,104728.385481,28005.886641,33854.570516,8168.316785,21324.078132,31.545721,21682.754714,7756.015305,111465.501783,237667.167717,378602.98524,116760.568376,768534.3897240001,353.28506242653935,69.45179998007427
2002-09-01,12858.264603,36501.741781,18791.861893,15036.380325,100343.177563,23250.753907,35053.138238,13854.773172,21512.384007,17.547384,21827.693038,8545.490844,108806.261466,242255.774927,381452.767659,120076.309905,778731.553053,333.71910182491786,69.35530305696327
2002-10-01,11988.043139,37758.263754,13854.656969,11720.025461,96114.911244,25780.475678,39327.646846,13586.721142,21207.82244,5.311082,21245.147582,8073.341472,106880.252362,247018.826781,383222.879279,120784.484623,775345.930575,336.1493931364862,69.08478803457103
2002-11-01,12000.680794,39418.735256,15902.722153,11667.247217,99875.182567,23274.822342,40367.560635,13611.165642,20494.965016,6.611668,16369.980654,7897.497673,109475.915114,249770.013604,383520.018713,112123.411449,772256.511784,327.7087279553822,68.38427611392724
2002-12-01,13015.9901,40217.912423,16166.715604,13684.865692,103412.669863,25920.504059,32924.625085,13637.576142,20435.263604,5.593553,17526.843035,7342.152075,111756.026679,256295.60238,392926.217722,115683.307694,788025.647988,299.2084003896019,68.5512428878914
2003-01-01,12210.616539,36994.280253,17414.729645,11957.490696,106773.423758,31174.988973,34688.554447,11228.225142,20020.170468,17.014059,15363.447765,7036.433192,109672.623544,255768.919581,387858.438141,121187.47232,791508.3903820001,322.95501485703045,67.35849181735408
2003-02-01,11442.546391,40230.491087,13149.788405,12040.352691,112197.483183,32248.875233,33046.667026,9759.876142,19564.425369,3.683011,14577.728815,6884.252145,108169.417106,259250.471962,388885.553039,125254.158555,797820.2171209999,327.5780177840455,66.89205846906003
2003-03-01,14596.643631,45314.960721,14614.955341,15656.54273,109802.883304,29281.512869,34074.954216,9548.925642,19177.971543,3.981169,14585.950296,6975.420028,112401.717736,263124.335759,397091.404988,121202.914312,810363.669297,324.74278637235693,67.54130581967769
2003-04-01,14083.670269,32967.115318,23982.068312,12153.448949,106697.272512,30876.890476,34544.362981,9581.125142,21651.934137,12.121624,13064.656378,7311.516108,112020.194122,266797.175287,399205.66351900005,128611.073881,814354.625496,303.35429316291487,67.22768518687168
2003-05-01,13641.29535,35479.478339,21054.233922,11468.711855,107334.006127,35546.43999,35994.713349,10056.676142,22392.89754,4.990727,12600.960059,7320.917014,112312.479742,269252.879631,401492.227173,130143.076941,824603.7567279999,305.42150264212563,67.160511449749
2003-06-01,13965.737733,39968.306702,21327.193501,11979.920469,109851.589912,33293.754963,35032.163577,10005.125642,22725.671012,4.281687,12742.685644,8564.869682,111597.491914,271560.150431,404469.479358,130013.982927,832632.925796,310.03073033755925,67.21666327335781
2003-07-01,12737.89713164,42700.020324050005,17528.11020011,11807.573866,111379.88846997,35074.2306534,50581.536766,10051.050642,22380.689721,67.658992,5208.33468257,8732.92165692,109115.29083960001,276840.03447725,399964.24064834,126435.26432273,840640.50274524,307.26447127326355,65.41675167170462
2003-08-01,12044.511969,42848.843477,15410.652818,10198.837382,108950.609875,41986.593387,42721.767222,10026.700142,24187.778204,118.403043,5221.594579,8485.863665,111158.565476,280272.257684,405256.68444700004,126762.078698,840395.0576210001,301.8417427116049,66.17581987714975
2003-09-01,13243.641373,46583.654577,21619.241856,15296.165966,103270.526674,37041.368009,46366.54544,9843.326142,24224.693996,172.546543,5361.36829,8665.915752,113383.767459,289381.553159,416965.151203,135066.761088,869521.076324,267.6240480824444,66.40854387186698
2003-10-01,12623.848603,48551.091701,18366.368477,13449.899747,95272.957711,32415.50389,49767.972627,9833.925142,24618.699799,42.026989,5343.546272,7856.836744,115170.025569,298551.052971,426963.48854500003,129522.70083,861386.4570719999,278.54474855701415,67.97432025592506
2003-11-01,12554.587583,47023.001312,20535.898391,15758.749989,97431.145926,37265.801436,51507.050263,9333.025141,23442.470921,68.793018,5483.992643,8597.821207,115401.33197,306633.569074,436185.507912,132356.86772,883394.106594,270.29021194020936,67.96759250216648
2003-12-01,13183.697084,37899.310289,15309.071525,11278.512525,100181.34027,41561.979904,62027.251135,5468.001437,24491.048745,68.51141,5025.447819,9348.478756,119728.179105,307512.402986,441683.020076,131966.977988,885050.2109780001,286.2019610292685,67.82656215726111
2004-01-01,13025.182186,45065.105643,12384.1251,14633.391277,110125.276146,36339.842944,63470.654173,5487.491707,23369.291583,53.933948,5376.983409,9006.496631,115691.941495,307777.086927,437906.44241,135095.620956,896902.4241250001,305.1536700489965,66.5602054558501
2004-02-01,12099.672202,42078.113989,19635.085719,16247.246423,118169.596196,31022.669976,56637.945734,5547.103363,23343.604707,68.064099,6377.646478,8985.464985,116648.467559,317796.821837,449876.464958,142952.847394,917610.350661,287.7252536093528,67.4342778858421
2004-03-01,21983.365208,39839.84597,14821.470639,16103.844144,118562.159294,28167.168497,58054.038248,5523.393348,23991.008886,45.12839,4638.052092,9032.838423,114373.004989,331476.301822,459565.325716,136814.336329,923425.956279,293.2732137941023,68.25560897246558
2004-04-01,15638.242505,42906.328209,14722.735983,10815.417016,122527.719669,40742.521629,45303.576944,5539.460309,24066.711869,33.255865,4953.149374,8261.479082,118813.381578,335898.321279,467959.587178,124608.25431,914830.555621,298.6204679216443,69.07801657949554
2004-05-01,15927.870285,48005.370835,18146.692301,14257.166821,127532.163261,32648.452671,55955.939997,5573.514357,23964.370389,35.497128,5343.732843,8473.42451,118360.262408,338979.43404,471192.350929,131012.603543,944216.4953890002,298.8665690499309,68.58431417926832
2004-06-01,14992.72423,43213.238791,18173.647633,14862.79971,129588.719195,26443.972785,46590.384442,9516.171595,24273.602906,32.265499,5442.659947,8716.329993,120303.315362,344442.108271,478936.67907199997,138260.934492,944852.8748509999,286.32565695379617,69.0165979059521
2004-07-01,14504.878657,49336.381046,18378.263161,14082.160199,141678.885042,22771.789556,49998.201735,9311.597167,24038.98609,34.383649,4795.46077,9100.233822,122363.094772,349596.393023,485889.566036,128863.868359,958854.5770480001,302.77024247298925,68.60897681674851
2004-08-01,15859.703145,50523.241757,13150.318727,11681.974928,142403.484421,26634.867518,48920.355875,12209.22094,23988.570111,20.755301,4626.139562,9409.096029,122997.178839,354348.187427,491401.357158,131542.641616,968315.736196,304.5835021695794,68.5685970586371
2004-09-01,16137.210542,51436.449022,11041.114533,13590.487815,138949.133081,32747.534488,48679.447864,16059.17762,24219.922668,43.893828,4945.669307,10407.535881,123521.475303,361988.548766,500907.123085,172246.233879,1026013.8345969999,291.20854533534083,68.18283243808129
2004-10-01,15534.174636,53142.713827,9823.385367,12157.135198,140425.132248,31839.130577,39182.670249,16140.8914,24317.611047,88.686983,5197.858724,10613.468696,129102.163001,367601.788646,512603.96604999993,137242.240209,992409.0508079999,292.2721044308758,68.55780927193013
2004-11-01,18630.922423,51017.383108,13295.469505,14537.213314,151669.240448,31096.9852,39393.810515,16229.466163,24745.247424,90.584951,4947.474745,11296.906503,133214.476,378048.128655,527597.570854,140441.234865,1028654.543819,281.4550386450458,68.47832901088245
2004-12-01,16239.604336,54663.877355,11124.92684,10573.288135,157959.536994,38233.781339,31929.303881,16037.111961,25093.108634,39.484733,4663.376506,11309.743752,135047.596312,384616.475413,535676.676716,130528.511136,1028059.727327,284.66089739327344,67.61126770110258
2005-01-01,18302.925104,54323.955576,19057.857247,13666.643165,158383.099884,32522.438745,27989.752814,15516.354373,24705.528742,166.603088,4749.583058,10499.131983,135055.578356,387108.724011,537579.620496,152490.76219,1054538.938336,257.193138143112,67.40757808774957
2005-02-01,17414.001518,53994.423618,22232.337496,15048.75169,154924.466968,25549.713923,36979.956971,15288.472112,24325.856087,144.14557,4130.161096,10376.301945,143807.38533,387621.735293,546079.729234,153315.505019,1065153.2146359999,255.98295257090967,67.82769828928015
2005-03-01,25501.436609,45188.893009,26697.711193,12866.819515,157010.997553,18578.891085,36707.33362,15278.785228,24151.560309,85.471907,3480.062157,10482.712002,139624.324086,389442.298557,543114.8687090001,160619.765832,1065717.062662,248.46039156516434,66.78772288237118
2005-04-01,19939.029531,50307.443737,13764.030104,8315.272179,167764.297875,21426.976809,38634.699908,15308.007062,24823.784405,48.062648,4699.804604,10245.584623,153296.121084,396025.846362,564315.419321,152519.877697,1077118.8386279999,263.4169381657787,68.22540705801848
2005-05-01,19084.485147,49256.036574,13980.861791,22304.928015,156910.451171,29318.172903,32465.455685,15360.977207,24840.904745,94.076851,4094.911574,10653.511747,151757.36904,405630.753294,572230.622506,170175.755777,1105928.6515209998,250.9908935835289,69.09779468733458
2005-06-01,18449.267042,55971.071585,13726.243234,12675.099385,168265.688566,35862.696843,41570.7941,15348.042237,24999.131677,84.425965,4365.565429,10758.537615,146097.652269,413368.650994,574674.832272,152474.62357,1114017.4905110002,274.2188718066622,68.41838999347469
2005-07-01,16535.634657,58277.933054,12741.021598,12245.740328,168770.868108,25651.441255,39066.35812,15440.48346,25353.14624,86.133153,4987.362048,11310.382337,162731.469424,423131.972193,602247.319155,173234.435234,1149564.381209,243.2143384316191,70.2286786946244
2005-08-01,18410.832968,55951.048213,11896.014567,11970.800103,167988.679572,34068.335225,43515.237325,15535.156605,28554.626964,106.463893,4629.271607,12551.812086,160940.897989,456731.371804,634959.817379,160510.396882,1183360.9458030001,260.80015183750913,72.8529960138608
2005-09-01,17898.027484,63974.184408,21789.119103,10003.978472,159021.132526,32651.582359,41245.61977,15550.086267,28922.716934,112.708064,4246.443272,12981.450112,162234.899145,471794.518852,651370.019445,151882.961866,1194309.428634,254.34770464983964,73.64417617848372
2005-10-01,19797.02858,63472.74739,27678.757766,11172.644278,166647.193629,36879.100001,33997.951341,15619.41133,29748.44597,176.842399,4578.247463,12355.559147,177974.2308,481105.258452,676190.1382609999,164038.944477,1245242.3630229998,243.43567634996495,73.97885777584372
2005-11-01,20551.984395,62814.684103,18880.860292,11350.721156,174354.654109,35764.821012,37672.624795,15697.009203,29688.744792,102.067814,5006.674944,12466.498386,180827.354351,489144.343542,687546.939037,170544.043751,1264867.086645,246.8201939768366,73.80149190312643
2005-12-01,18366.748349,69114.353705,21698.439853,11578.929055,178518.461393,39561.478704,53099.183723,15679.086574,30157.435028,61.076332,3254.903135,12633.8437,165571.647102,498039.240606,679560.710875,158180.728392,1275515.5556510002,258.6917787974041,71.88815388967586
2006-01-01,19263.186494,67377.900972,14467.073389,10510.004571,184830.955492,48935.914367,52886.371147,20799.215055,29994.448083,114.194712,5091.338301,12731.267799,169078.20232,504862.77501,691877.778142,159262.235108,1300205.08282,272.0682499022659,71.84258763833589
2006-02-01,19096.112265,68347.358092,14474.287742,11857.154495,181073.535823,44261.742866,61084.556929,20877.024031,30688.752684,81.135218,4673.185933,12137.119894,171184.615429,512286.841718,700362.898192,162930.490192,1315053.913311,276.3534882079786,71.82887752007736
2006-03-01,26522.143892,71458.111531,21853.855953,11270.392354,191085.180927,47492.967102,42679.557256,20899.075895,31560.211768,206.238051,5361.173924,11772.458159,179016.346897,521691.182884,718047.399915,167256.823839,1350125.7204319998,281.4871994542597,72.694893467052
2006-04-01,26121.520436,73554.739845,28810.62105,12083.374574,187819.338454,50173.167678,47710.403965,20814.620527,31388.432193,87.131192,5045.602166,11131.418339,178767.228202,529009.942222,724041.3221209999,166320.755691,1368838.296534,271.0246355069371,71.7946982061424
2006-05-01,23192.528312,71010.18088,21305.629925,13028.575952,187530.701181,48872.39014,38116.519957,20969.367321,32144.113178,86.317331,6024.12683,11519.335277,187151.5279,540098.47018,744879.777518,180515.920869,1381565.705233,265.4330236752657,73.78379539309316
2006-06-01,21928.885281,74110.890489,27140.029074,10085.599739,176699.263115,41409.275096,38665.137044,35896.403149,33408.158705,119.953764,4562.658139,11848.066366,184787.577591,550710.099828,752028.355688,166940.574748,1378312.5721280002,248.84213363279136,74.19198015264733
2006-07-01,23405.059121,75954.005925,20208.736868,11578.569909,176592.21785,46816.691653,15892.060704,35681.509295,30340.37285,212.069015,5671.917523,11966.779544,196096.088401,564546.015572,778492.870055,165706.411322,1380668.5055520001,240.58921803868995,76.32172001252357
2006-08-01,23114.9935,73947.368344,18854.067663,11652.554709,170891.14391,47965.417027,16716.522587,35622.809862,33379.277932,38.851506,5167.417523,11888.136504,195515.757241,578373.873459,790984.036233,169840.019571,1392968.211338,236.91937045786494,77.4147798546177
2006-09-01,21599.918069,79033.606434,27678.937494,8182.697263,179854.502802,36290.639621,14782.267499,41936.514812,32230.459407,130.869558,5052.643215,11324.104244,193390.452965,594106.837562,804004.9075440001,182095.327855,1427689.7788000002,241.61605324293492,77.50654214898576
2006-10-01,24416.717333,79535.549773,23675.057065,11924.171635,184324.728229,48930.183833,33451.114792,40563.395812,30927.556591,12.973566,7910.05461,11482.37318,203827.501647,608016.621451,831249.5244539999,159889.774285,1468887.773802,253.60329509782136,76.9383625503827
2006-11-01,24519.534761,80306.092709,20245.262757,9277.587751,183830.229513,56340.648555,26547.115379,46177.359504,31103.235466,33.16722,8811.100834,11027.832419,212319.638358,637391.603953,869583.3427840001,157458.2071,1505388.6162790002,259.941639512204,79.01131364554968
2006-12-01,22220.051342,85715.908562,26249.56462,12288.828545,196687.927415,49194.552968,43203.306493,45968.568972,31496.655572,284.130916,5743.343234,10741.457757,221295.418963,649813.55124,887877.9021099999,159116.266497,1560019.5330959999,257.0992586817744,79.18915202980446
2007-01-01,25948.351922,86917.431473,19189.015607,10892.749099,189946.056943,49228.877909,34072.892658,46636.414536,31170.118594,30.863799,8005.30928,10983.644953,224165.901944,660731.098837,903916.818813,170879.552308,1568798.2798620001,265.61731400013934,80.40124532200682
2007-02-01,26140.800435,79589.780667,23857.221315,24812.866244,195465.937989,50730.249458,39716.02429,46695.631536,30997.027808,40.077752,7968.064619,11869.243436,225062.998785,670069.993098,915010.37769,166656.343185,1599672.260617,264.91696292159554,79.65463476843483
2007-03-01,31231.159566,87028.775349,21826.671461,13343.352224,187778.578712,56650.205413,21537.047088,55002.066097,30797.550611,68.863441,7788.324702,12917.875723,235288.413958,685378.954286,941442.4321099999,176917.56109,1623555.3997209999,263.26979077638686,80.51541433141142
2007-04-01,31049.328541,84478.465167,28802.26113,7121.447455,191725.187429,60311.282542,13024.938257,55357.230642,30250.653186,123.109196,12364.443886,12250.597842,231535.766743,689932.37928,946206.296947,189936.600263,1638263.691559,258.38151423274365,79.89024285949226
2007-05-01,25589.401411,92905.748044,29142.931228,16311.597753,194414.486488,71477.413931,13555.825197,55605.795888,31668.540042,51.64437,7421.395379,12428.970597,235775.312732,704408.402139,960085.725217,181123.095291,1671880.5604900003,256.0432374684484,79.84834970874572
2007-06-01,23795.919219,91801.136478,20513.510564,20261.552776,194170.294283,29925.039465,47874.252698,55795.386825,32594.117711,64.66732,7690.17812,13836.020091,244858.283585,711442.619614,977891.7687299999,186513.326908,1681136.305657,258.42959878931134,80.40634864196876
2007-07-01,26631.323609,83084.208878,25207.299501,34779.813053,205463.111448,30273.881966,47104.536337,55992.827364,32434.204134,52.128572,8774.495157,14091.371934,233661.390739,721299.546897,977878.933299,183079.728218,1701929.8678070002,271.1328842198991,79.39691309440889
2007-08-01,25146.030756,93440.339679,27659.749684,9943.179801,206039.569549,30535.739417,37438.116427,56610.603472,32649.252132,59.350788,9566.058582,14613.551402,248540.484744,735122.667571,1007902.1130870001,184976.204411,1712340.898415,265.10065078515464,80.39700084424678
2007-09-01,25539.023559,89391.936063,31807.940135,31122.638149,209866.486297,31695.529083,42553.826133,57155.95279,32055.206665,97.320412,10729.181557,16177.428326,240904.375106,745035.171757,1012943.477158,191213.105075,1755345.1211070002,271.84549450281173,79.48222284574608
2007-10-01,29020.165716,88204.081334,26911.625946,14224.792794,189103.328721,54703.289529,41405.002693,55530.739774,32413.29648,59.382645,11228.996461,16463.860875,249713.257102,756164.772449,1033630.2695320001,186917.785341,1752064.3778600001,274.1332830589905,80.72355562236697
2007-11-01,29007.925609,99407.563781,30418.176043,24208.135179,197275.008328,48803.874954,46424.864325,55150.406104,36152.291655,49.580865,13230.53373,16516.047964,242580.556318,764439.408644,1036816.1275209999,184131.515626,1787795.889125,281.234935642952,79.47327945333517
2007-12-01,26180.979025,93319.003214,27903.932945,15138.526154,199122.235191,62048.929916,50115.86905,54912.77435,37169.624804,111.136874,10159.967801,16150.480131,246872.466968,764442.81453,1037736.8663039999,187050.823822,1790699.564775,286.59891891907375,79.39044563285546
2008-01-01,30029.237951,88484.793285,34739.195922,19410.001147,193298.581686,76740.978636,43960.416319,52524.21168,36825.284648,57.032278,8828.239357,15602.238859,236468.879965,769872.806567,1030829.197026,193477.081258,1800318.9795579999,295.92256185617487,79.36207812748381
2008-02-01,29951.770655,98901.798178,25057.022861,7829.088525,182936.774885,67648.824344,38595.334156,52459.266396,36736.975875,84.979146,8762.909184,16512.44178,250477.247508,774579.495465,1050417.073083,193733.376671,1784267.305629,291.7506838242058,80.7346648508669
2008-03-01,36053.747675,91731.695323,38382.311661,9387.814411,179120.903309,82788.932217,40405.006469,52426.569716,36367.371595,92.28322,10803.211325,18041.048336,247608.53289,782068.981336,1058614.0571070001,206306.335869,1831584.745352,284.7430617876289,80.17959240124357
2008-04-01,38901.118051,95971.584672,25235.921813,8547.140062,191126.642048,90609.904186,44035.836003,52465.827934,35962.668764,46.008824,12228.234613,16438.541812,254504.276401,790005.527759,1073222.589409,208827.759732,1864906.992674,310.6728449696632,79.6028753957431
2008-05-01,32907.99915,100039.766495,33143.919329,9292.105852,184179.010496,84382.587428,43577.089509,52232.901472,34176.996749,67.157588,13278.107503,16852.647825,261487.437645,795681.684311,1087367.034872,206303.786526,1867603.1978780003,304.4933365700938,80.8623954766229
2008-06-01,32819.848704,99895.323649,36661.117121,8627.621507,194120.32262,89293.644733,38322.125573,53259.829054,35093.065983,24.147623,10983.959491,18095.220949,264109.628554,799334.537155,1092547.493772,210641.257537,1891281.6502529997,304.80684518647337,80.19488139691103
2008-07-01,38345.92704,100139.943788,30505.018097,8413.888872,190520.00813,82465.061976,46166.664664,52573.490353,41895.350278,35.626024,12406.863813,19771.010267,277456.94395,801197.475809,1110867.919863,206291.626788,1908184.8998490002,313.0524098140861,80.45471831033689
2008-08-01,30565.067314,103005.204579,35380.365972,9165.544952,186102.033928,84363.847963,42599.380439,53030.781785,37552.823436,17.810722,11706.315379,20740.360425,280417.66049,809507.32825,1122389.475266,212025.063886,1916179.58952,314.8222122875436,82.18345637019544
2008-09-01,29496.868319,102021.707217,29026.899889,9589.294398,185242.805401,83902.555071,54521.478284,64682.980102,34218.170499,58.721789,14340.337683,20924.137429,270596.405402,816587.009799,1122506.612102,214969.580867,1930178.952149,323.9352264046425,80.93877639058437
2008-10-01,30256.464385,100730.488146,35140.015812,8838.977451,169873.315411,70890.02528,58165.396643,65409.415642,32141.874508,35.241692,17045.688238,19563.204155,282850.37434,819944.252537,1139438.7609620001,225413.185804,1936297.920044,316.8646037390346,82.47544875599954
2008-11-01,28396.378374,80999.755994,35261.94281,14381.981987,186080.814039,65989.122913,81511.963422,66093.859817,31750.330108,58.220253,17044.700298,18278.924546,279028.16312,825747.629359,1140157.637576,220248.311076,1950872.0981160002,327.4257643908693,82.3049131619894
2008-12-01,31075.99905,84431.74956,21648.979288,12798.632123,197623.771707,75642.463925,74932.924698,69159.694782,29929.765436,67.620443,19480.644421,16533.045469,286701.737724,823658.843035,1146441.891092,204254.026341,1947939.8980020003,325.9677097681613,81.29610847201143
2009-01-01,30289.1,86375.6,30944.6,12372.2,200045.19999999998,60927.6,91443.4,67368.8,30127.0,80.4,21500.9,13968.1,302388.8,822771.1,1160709.3,214010.7,1984613.5,351.22943802488106,81.9470713846678
2009-02-01,28797.6,79254.1,23214.0,27706.3,201404.4,64099.3,93051.7,68182.2,30795.0,22.9,22959.8,11993.300000000001,299172.3,824495.7,1158644.0,211467.6,1986616.2,358.05574036372155,81.10218627399374
2009-03-01,37401.9,75638.1,18332.4,9219.3,206811.3,70002.2,114415.6,68880.90000000001,28784.9,33.5,23690.699999999997,12030.599999999999,296038.9,828620.9,1160414.6,211271.1,2001172.2999999998,378.0755963703548,80.10563262392695
2009-04-01,38840.1,73015.3,14969.199999999999,8938.9,207667.5,83175.2,134075.3,72342.90000000001,30480.4,22.5,24966.4,11036.9,287480.2,829582.9,1153088.9,217577.2,2034170.9,398.1944968720694,77.57507181027553
2009-05-01,34481.107377,80196.471628,17415.38362,8148.897333,217034.088452,91380.705631,131175.669525,70073.443457,31434.691108,22.200496,27123.025619,11121.5426039999,285752.119133,829558.783855,1153577.671707,219470.113619,2054388.2434569998,417.6321242370534,76.80426788906348
2009-06-01,33541.01180681,80015.85069232,19613.470315,8598.456481000001,207652.37880573,106312.33279143999,147854.64406748003,72924.045066,32398.921789,33.934756,27753.630841780003,12207.440689000001,295126.40621112,824616.28223046,1159737.69472836,221211.83191929,2089860.6384624299,435.0898882103907,75.62143554294623
2009-07-01,32433.618965319998,89992.16009475001,23037.6148023,7382.753629999999,205936.30866457004,124419.20174183002,153440.08913963998,72731.32489900001,31250.57517,49.73839,29405.7745599,13431.454193000001,284359.7241804,823657.11965078,1150903.81097408,220955.97099454,2112483.42907603,441.624002292533,73.53707479823369
2009-08-01,33816.24579227,87583.31909075,17050.119588,7487.122963,207859.92881503998,158569.47034877999,156909.5897795,71132.691686,31014.150618,66.110362,30662.356217480003,14206.209960999999,284295.34996428,820719.21320166,1149949.2397064199,219256.11525166,2140627.99363942,452.264889274775,72.42158708038585
2009-09-01,31833.20817233,85034.48719525,25456.861570999998,13437.224698999999,219892.41409815,173005.48353525,151192.141179,71718.976435,31883.917726,32.163408,32144.922034000003,15069.414652,256893.98838302,847635.27614691,1151775.76462393,222627.77306121,2177858.25229612,462.53357410456726,71.18103414153204
2009-10-01,32410.4,92327.4,22585.1,12269.6,239819.59999999998,162682.75600412,144068.469947,57894.879108,88113.9,47.7,17227.1,15187.5,250500.5,851601.2,1134564.0,211521.90000000002,2198258.0050591202,444.89667385294024,69.17359501690437
2009-11-01,31515.20837257,90760.42586953,19015.311217000002,27756.917833,239640.27742783,152585.95417694998,134559.0475776,57470.907957999996,97771.759895,53.572415,15784.977707999999,15557.654974,260581.80278957,847722.18719334,1139700.19507991,214275.01943347,2205051.02484086,399.2194899672484,69.23124932505077
2009-12-01,35590.07092896,88047.0206475,18799.665245,27892.755940000003,236081.31124681,144393.15408022,158480.701362,63316.911377,110315.990638,16.516353,16126.945,14232.956326,246205.48162021,860834.16456581,1137416.06386502,210022.25120473,2230355.89653524,377.8844295002067,68.02793443167788
2010-01-01,36571.14058993,87425.89743657,15451.829605,12846.860846,214980.51920024,163157.60875587,152426.737681,70290.27138100001,107498.71017,54.937325,18805.559519000002,13987.342915000001,281619.67997984,849791.4609908,1164258.98072964,206315.7943777399,2231224.35077299,379.58871240452845,69.85087843097767
2010-02-01,29595.67249893,91406.29342849,10958.653429,14804.746592,202869.52511756,149066.82813553,140420.753383,80106.55723600001,127523.29542000001,42.306598,18998.437352,14174.451675,294021.31740457,859003.17368149,1186239.6867110599,199576.50297885988,2232568.51493043,372.7011218877904,70.91635175873158
2010-03-01,39037.98862528,91090.80445457,21624.857399,12999.244404000001,196384.74386679,162494.89697143,153431.616956,96118.524619,113439.322888,85.578731,20102.64357882,14482.061934,274855.68767451,877032.82001457,1186558.7919329,207043.10951938998,2280223.9016363597,361.70490339847055,69.86279143651416
2010-04-01,48820.76687973,82709.34245151,20414.146928000002,7223.417942,188796.06312421,168588.74543529,132371.401907,95907.73695800001,129947.42728199999,10.683392,20987.62128526,14059.70341006,286505.47267922,886279.69059166,1207843.1713582,208168.10740193998,2290790.32766788,359.2224167119029,70.20039096361398
2010-05-01,40947.2890183,99525.66901743,16259.439152,7462.434935,194024.99069112996,167511.09569409,136562.331218,95846.41686400001,123927.47174899999,32.798915,22072.47506096,14291.980437440001,295518.55741731,896215.62027081,1228131.43210152,209779.79856402002,2319978.3690044903,358.65320762916934,70.6295689322057
2010-06-01,41319.237518949994,93451.28918714999,22297.774933999997,4266.215847,177387.2790107,175806.58183907002,126764.005667,100133.49868,123844.206301,102.200116,23178.65282025,13866.49155319,310707.47482752,915691.01006497,1263545.8293819302,219234.354609,2348050.2729757996,358.52201915207553,71.92885388159114
2010-07-01,36850.32964172,103654.97271058,30621.560056,6516.767735,188637.66322078,197028.86787629,142867.69688,99539.87251100001,115141.59643800001,100.838855,21588.09375923,14122.210925660002,277442.48449538,929491.15565975,1242744.78369502,219116.15483346,2382720.26559785,382.7249296036479,69.54675725802274
2010-08-01,41806.01204634,97185.27775526,36809.7841784,5489.089087,154058.70027367,192552.90585813,148697.275436,99005.69620900002,130340.933888,134.90085,24367.095996530003,14926.97881538,295389.92140491,956836.60123241,1291655.49829923,214387.8934341,2411989.06646513,353.7659160314166,71.65560455525342
2010-09-01,41554.68139947,101735.32510942999,43698.390959,5616.988904,149298.41869093,179742.17004335,175643.915825,97813.09110800001,118376.185353,270.416926,26505.008592899998,15897.37394387,293817.26359294,992336.36107919,1328826.4241349,226120.46590314,2468426.05743022,341.30760574776446,72.03274553917976
2010-10-01,38236.73289122,104812.71417782,43021.437674,6444.149364,162396.02806272,159366.66629351,154313.12078,97562.910081,94304.90568,267.366342,16159.51688703,15952.53232193,300085.67975417,1021397.89056844,1353862.98587357,280127.05597857997,2494448.70685642,309.314513569654,72.12384602725835
2010-11-01,43867.34150653,99650.24414493,56331.910577,5818.645799,154128.93435099002,180017.27522875997,111460.426412,97435.80963,45016.545482,305.873615,14829.613551120001,16338.14843346,306856.38195915,1052646.66673299,1390976.68429172,328777.48517727,2513481.3026002003,290.6058337257519,73.23732187092799
2010-12-01,39103.66987527,107704.85438727,11474.382011,6065.836804,191240.27929965,205405.34052563002,139416.315923,58778.717608,134874.050872,302.384609,13312.062764979999,15959.726292860001,338357.35747663,1086687.16783075,1454618.69897422,218054.57808121998,2566736.7243612604,301.96632730632007,74.40766399180421
2011-02-01,44097.38607622,105377.97643677,29599.041673,8319.901637,185421.44835741998,226077.12989851998,107600.866053,57946.644425,50286.772096,160.81442,16311.83616105,15063.186054079999,344208.75985341,1130262.97129703,1506007.5677855702,321716.51883207,2642451.25327057,299.67521258876303,75.54650321951483
2011-03-01,54700.882849409994,102222.77458889,36609.761706,5518.0980389999995,167097.60154783,218721.89711672,127348.89239,60431.739674000004,50583.644977,265.112618,23170.649328940002,14609.78644894,333690.46707815,1156088.90215144,1527824.91762547,327906.88112887996,2678967.0916432003,313.7645175090888,75.6249048736658
2011-04-01,63743.23915167,117341.31905507001,18906.777573,5401.220553,170081.11355412,248462.72139537,129104.579207,60010.487878,51415.763025,305.771059,27163.51359757,13813.848479760001,348097.35348552,1171549.74815515,1560930.234777,287287.73750285,2712685.1936720796,330.0508515643072,75.74036602367362
2011-05-01,54949.71563923,128254.0998335,22677.648205,6321.43037,173603.84583411002,229110.97108793003,155127.017595,57766.926701000004,50669.483106,235.767601,24949.794689000002,13251.51780693,359538.7492319,1196172.88032818,1594148.7096570102,282486.49489497,2755116.34292375,322.1831524261947,76.16428200705681
2011-06-01,49886.09745592,128486.37742715002,17759.708528,5504.975152,158342.54578903998,240074.66546629998,170603.278139,60906.222725,51207.200667,263.740304,23368.82630592,12463.54181,369764.47273736,1224646.44525767,1630507.02641495,292883.35058041,2806161.44834477,329.7711242489918,76.61212626156518
2011-07-01,46757.62053967,139935.05289322,22311.631245999997,6379.061466,187647.22603127998,252335.76278054,191994.658028,59286.952175,52430.74087,83.52795,15576.40155671,12908.35181977,326583.46553315,1252220.93796192,1607372.6848215498,291447.32317436,2857898.7140256204,346.2210077498813,74.2479361877246
2011-08-01,51308.74525264999,136037.06577861,28919.468727,6681.89526,173896.24970995,287612.12885723007,166675.906755,56366.513475,53126.634069,67.35026,15892.08269816,14148.53657472,365810.89472221,1298029.22237952,1693948.08663461,254663.84264917,2909236.5371682197,347.83885048247754,77.34523027588425
2011-09-01,50975.27480186999,143131.85404142,32599.45064,7122.972688,187764.70740703002,244826.581445,169676.92791727,65111.420761,55747.172064,144.548353,16831.786612,14889.7212108,367745.30021819,1344122.85927655,1743734.21567054,284794.39303069003,2985484.9704668205,341.49921021537546,78.21685652556725
2011-10-01,58033.787268520005,140277.97610614,28398.92682742,7157.546851,181201.22775153,236408.96470422,160307.11914306,70393.971662,54086.889171,114.225715,17117.369404080004,14321.539229159998,374727.47284417,1388591.60030575,1794872.20749816,291145.2784648,3022283.89544785,332.25959791972485,79.34208661663395
2011-11-01,54648.92882342999,139881.39097103,36892.030324,8287.455496999999,176986.300674,211754.25128871,157030.21465679002,90960.485705,56145.195681,250.853618,16266.85918528,15399.906110580001,377496.59315395,1438416.12660959,1847830.3386773998,292311.93137744,3072728.5236758,328.294060119112,80.57258281540496
2011-12-01,50362.22096003,149710.69720501,51390.266206,21865.62620233,159566.82815852,175643.85437481003,178582.422819,105167.286924,57651.058369,49.770546,16535.629439,14435.41117596,373761.68195753,1500949.07984638,1905731.57296487,302005.06147352,3157676.8956570895,310.41908027029467,80.8302677676757
2012-01-01,57477.26439064,147565.91734075,40255.3294255,21193.10573828,158219.79908168,212914.31997687,193596.45421211,105200.360814,57311.895559,49.053622,17168.51485636,13739.88047466,394164.87025268,1517508.40833755,1942630.72754325,272795.6439539,3209160.8180359798,332.546239567076,81.36376355934503
2012-02-01,59013.748207309996,145560.66515567,44867.2679005,35872.005692000006,152441.05382834,201643.03500981003,185968.97977645003,103178.546639,57837.565344,32.547595,19354.87197843,13647.5736844,421600.45969706,1548928.41764888,2003563.87060377,319344.44429653,3309291.18245338,331.5326873992993,81.16499776602801
2012-03-01,62414.15700136,159461.66483008,40244.2375615,23534.733954,200853.69940558003,218818.899774,188029.09853845002,111799.65487799999,57596.983165,69.313927,28243.226204900002,14137.81677507,407165.90100795,1597156.61770441,2046772.87561933,292607.99890786,3402134.0036351606,378.7354011858102,82.00283786192936
2012-04-01,65039.97379858,143792.45421151002,43016.95177596,48868.25540816999,238994.8124308,209937.37318199998,190199.098046,113343.483346,58478.63299842,83.947069,28364.926213,12763.44790196,407173.87704926,1620065.11073857,2068451.3089717901,297636.03214332,3477758.37631255,373.1345477671132,80.61194199398228
2012-05-01,61534.264571989996,150500.81056179001,35165.6194715,31453.294457319997,207449.90453386,194762.89740523,228691.583103,113434.639782,58035.48639,153.114062,26477.577523,13077.25262078,408369.4104837,1648032.7735716,2096110.12826108,291972.11235128,3469110.74088905,377.9349719958885,82.04296822217061
2012-06-01,55007.01171915999,161462.28822535,45728.0781445,39611.15681,185320.28376544,189307.64303141998,245680.941181,112440.061943,58515.299007,1647.616657,22780.13249222,13749.22001715,396658.23332681006,1669407.67412973,2104242.87662291,324736.40239028,3522052.0428400603,385.5338167680539,81.22475073751562
2012-07-01,59963.456687779995,163507.93936730002,39951.6614185,32046.476291,178973.25534241,184624.45155778,290277.81089,104296.75409599999,58410.069553,1880.255757,20284.27650542,15647.883188810001,362317.92214127997,1689418.01178475,2089548.34937726,333933.93340129,3535534.15798232,396.5766316418896,79.96278608674557
2012-08-01,62551.07953849,159687.81296342998,29941.576712,32446.700677999997,184852.73621143997,187377.37323660997,227638.067978,104027.270257,56869.736848,1727.932249,21679.945923220002,15871.173547749999,429796.51400498,1707927.56813827,2177003.13386322,341987.10461366,3564382.5928998496,371.1966735384544,82.21957612310824
2012-09-01,60274.15034564,169101.20050719,38626.039119,32922.930831,172250.34967193,171867.02548558998,233069.174499,114256.38514099999,57279.683929,1771.532526,21394.18759349,15806.58490351,438157.78095253,1728234.49183924,2205364.57781477,346197.4637052,3601208.9810493197,355.49026505871814,82.56394814711572
2012-10-01,67078.83271669,167643.54727799,44481.247978,39297.449054,182874.55937445,187540.18387148998,223932.28723,111282.17643899999,56945.16254,1687.375248,21875.11556559,15478.535977309999,461899.77730804996,1746132.60354729,2247073.4076462397,312265.84183009004,3640414.69595795,372.5493856721879,83.19181840799817
2012-11-01,63353.85730394,175273.92051553,55722.190615,31386.582108999995,175096.48826456,183511.94098067,222049.571431,109836.572252,58269.873413,1916.854679,21729.708108000003,15066.431339730001,480330.49354883,1766168.27065447,2285211.75833003,334033.67269817,3693746.4279129,365.13512243110165,83.81973669754043
2012-12-01,66521.62827067,169465.60896038,49839.5757335,35890.495208,155013.34232033,200718.01592878997,255656.839072,134167.474851,58183.083614,1557.287444,20010.966592,13086.52544207,495973.36589705,1774985.1080535701,2305613.25342869,326300.6131636099,3757369.93055097,361.99374462135415,82.3979556588277
2013-01-01,67553.371544,177546.12199,50837.833898,24360.728711999996,160787.736351,258191.00253838,245129.399378,106496.414865,57565.698454,1682.773969,20741.794929,12829.232633000001,482386.995424,1815487.513048,2333128.310003,389358.560852,3870955.1785853803,362.05283011335194,82.36347470079862
2013-02-01,66727.19247,177463.702188,46474.421789,24791.889662,155657.531646,300509.177383,239947.064766,118776.98139,57236.577276,1360.714014,23005.466818,13381.152269,478282.094798,1822954.468412,2338983.896311,327497.818731,3854066.2536120005,401.488798215565,81.49800096653344
2013-03-01,69704.572907,182672.1224125,42115.8905225,14268.6648604,139168.09151499998,297164.06291547,277704.18904007995,127785.275052,57973.086955,957.103174,23724.563557200003,13589.5480084,485347.753104,1853665.343208,2377284.3110516,349422.290056,3935262.55728755,411.26474772731297,81.58270985738014
2013-04-01,80652.404483,175962.972552,35078.999725,12493.667578,123173.34961700001,314206.267078,340061.750982,127889.84181299999,60713.766442,1167.603574,22729.799560000003,13176.841546200001,478898.6272914,1871765.4683544,2387738.340326,334328.036181,3992299.3967770003,437.87248593026754,80.19001677095335
2013-05-01,73861.972367,190572.969404,41067.62717,12104.816572,139070.24100099993,297613.414737,348984.468878,127741.166399,61428.604598,967.978627,22366.47675,13018.540761999999,482234.739017,1881546.020409,2400133.755565,294719.594985,3987298.631676,463.15186020091517,80.34320107128636
2013-06-01,66937.536841,189348.4133,42426.036565,9628.487640000001,140763.99198599998,338125.144198,337893.679221,131703.531205,62638.598371,1042.537965,23085.009776,14056.302689,483908.404529,1898085.554541,2420177.8095,297099.074247,4036742.3030739995,472.211157007339,79.99949496329775
2013-07-01,71871.811948,141443.855636,29851.564783,9796.405447000001,89189.113987,360123.848801,345996.684886,145333.54638,61383.100629,1021.974779,23568.725687000002,14718.8679769999,500879.476396,1925034.06535,2465223.110189,348593.81026299996,4068806.852949,443.06494535939976,80.53080914742476
2013-08-01,70540.38293,144891.106252,26301.326074,10588.595623,100317.81432,369801.968812,367987.30682,150567.82646500002,60682.413647,971.787165,26165.033203000003,16538.943341000002,486663.132594,1920655.895628,2450994.791931,339352.18938500003,4092025.722259,454.649759404745,79.72302895942028
2013-09-01,73575.627711,145483.117798,21723.576761,12303.424059,118140.53398899999,394882.440954,351199.71923,150847.98303,60651.176468,866.417953,28006.374415,16848.220394,479284.212868,1933486.043909,2458491.269539,376134.911572,4163433.781111,443.2294608513604,78.50407718809036
2013-10-01,74570.762662,144099.896825,23441.172146999997,11265.141613,140491.61669599998,397394.043039,363455.536145,149926.353535,65940.732364,879.321004,28486.291208000002,16434.433233,520598.635911,1935848.746829,2502247.428185,347826.806463,4220659.489674,422.9407930281008,78.4004299651913
2013-11-01,71398.846285,149302.447126,32065.095591,11207.276522,136985.58247199998,398626.485268,354698.508608,150100.351258,65091.776657,1166.080043,29238.814174,16258.171162999999,524933.705028,1953914.337153,2525511.107561,338090.665754,4233078.143102,460.60943096859734,79.06032731338924
2013-12-01,75163.821817,151199.629358,25568.139485,25762.251043,108503.148795,398393.712963,364205.077724,150036.26158,68231.353755,1337.429019,28261.835726,15408.553704,489382.858887,2013270.715054,2547661.39239,413541.617301,4328266.406211,419.698104077116,78.32675032605398
2014-01-01,76493.195437,152558.922782,17123.779098,11875.880007,130234.039502,396892.404863,358779.24526,147671.592508,68549.414669,1258.320724,27477.932636,14976.723677,534643.345933,1978179.889916,2556536.212886,431986.802418,4348701.48943,448.2081775102162,77.75418543350064
2014-02-01,71628.709621,188639.429602,37299.905041,13334.818175,133083.635857,385391.955271,368210.772261,147727.491946,63947.996269,845.491745,28875.014991,14628.681311,518808.821419,1940698.26924,2503856.278706,480801.057803,4393922.050552,452.6708224617887,75.52639574538111
2014-03-01,88975.205319,156862.863176,22258.64944,12331.334304,147208.790292,396130.038329,407193.034484,150383.337895,64600.510217,781.523592,29702.153419,16536.977843,534036.409775,1954613.827654,2535670.892283,436862.253268,4418476.909007,451.9894978220922,75.66789525690646
2014-04-01,87551.962743,157499.210264,24234.533567,12549.928801,169228.486825,412535.286164,385637.125877,150078.820732,65141.3686,706.861614,26138.412979,15555.948395,516177.655927,1952789.783532,2511368.662447,473016.943648,4448842.329668,449.4945213201296,74.49280929621484
2014-05-01,78712.452154,146564.811173,23222.014132,12668.030735,206672.515083,356742.918334,419114.36789,148405.419091,63461.91168,640.810385,26155.707582,16513.034389,526405.980955,1948236.175574,2517951.708885,493444.636431,4466960.785588,454.5631894167122,74.71651339406887
2014-06-01,81344.012871,154094.466309,19757.573591,13289.855305,196591.874773,329970.682057,446103.76442,161494.431779,63255.755419,750.4441,25906.442253,17099.512016,516121.483917,1946145.722335,2506023.604621,543560.765728,4515486.786873,432.4892226031254,73.58282083035306
2014-07-01,85905.773223,158386.872184,35866.101632,14226.377166,205189.548928,335582.112541,453694.409769,157684.484454,62906.780197,757.21809,25274.270452,16501.86973,530056.873239,1964442.686647,2537032.918158,492153.948905,4538629.327157,454.87588080168706,74.43231417834447
2014-08-01,79644.912072,165482.510435,37444.024446,13386.771508,216340.905798,270142.260833,473737.985095,154999.176792,66708.024623,949.828956,25033.765404,17183.926701,548753.785706,1977226.741944,2569148.048711,524078.318605,4571112.938918,426.4799665726807,74.79457501630459
2014-09-01,85759.001752,198044.850916,42322.661927,13681.929758,206949.507398,258198.641021,515841.817619,156110.167409,66956.65412,860.720046,24821.037972,17556.523974,543445.754431,2046929.003946,2633613.040369,512793.785882,4690272.058171,436.90665958874473,75.08061603831912
2014-10-01,84947.070113,173460.782428,30186.416194,13613.232889,209538.344566,239713.641018,509846.913905,158599.723212,71054.510186,788.970366,25821.157975,16475.174326,571360.027484,2077306.097336,2691751.427487,527786.09473,4710498.156728,415.4239157352181,76.0858757820792
2014-11-01,83759.61894,165241.584018,28949.696433,14063.634609,204936.518402,246644.040297,519028.416026,159208.464412,76827.457946,963.01327,24555.99258,16496.966916,576966.9898,2122042.274674,2741025.23724,523285.773956,4762970.442279,400.75621653978783,76.48571116326241
2014-12-01,87468.882394,164427.674248,43810.100713,14831.186914,196950.171435,262049.45655941,557378.471104,161593.795839,82615.900184,780.131043,25326.452588,16473.620916,531877.557245,2202030.438189,2776488.199981,508326.174543,4855940.01391441,386.288178035399,76.2590596664742
2015-01-01,85606.752464,169217.37686,40183.544888,13815.681659,211330.875851,255106.142512,501140.24161,166048.925142,85460.131651,1048.645603,24564.261527,15862.292675,561554.012312,2218335.958341,2821365.170458,524586.802469,4873861.645564,394.0269355849792,77.39763538963741
2015-02-01,83960.750741,165376.924412,38936.907825,14317.886813,230743.113817,317208.364323,502234.464105,166308.19265,85742.903133,979.147589,25202.996065,15682.599939,561335.60049,2244476.224029,2847676.568112,434657.085271,4887163.161202,431.15898079771,77.57616481436318
2015-03-01,108147.415703,180138.785706,63754.391236,14116.229303,218022.016804,333528.186326,480435.154316,163876.038096,86026.896671,1026.221474,26941.815339,16394.271509,589479.519703,2289787.493758,2923629.3217829997,370633.051093,4942307.487036999,407.5800069532027,78.54348923053641
2015-04-01,101471.174103,210734.093651,105907.920817,14611.443394,223976.292106,312552.208524,516023.981133,180078.02499,88210.608306,1090.460159,28159.685363,14935.57355,555872.998204,2309138.320009,2909197.037285,319642.783,4982405.567309,420.5231949585869,77.13722126952219
2015-05-01,91717.527572,174025.928644,107558.854704,14361.161851,254752.849378,335684.50126,541986.132076,183351.455874,89600.77567,1074.794031,27247.421132,14941.15388,560454.343729,2352992.009749,2956709.722521,309769.010342,5059517.919892,429.27405906321343,77.23174744947052
2015-06-01,95318.627833,197034.529204,56028.426134,15009.212738,250022.475469,308744.040605,569757.297368,196888.178561,93347.895903,763.317017,26731.816124,15519.734922,561128.191284,2411222.169372,3015365.228719,309603.302063,5107119.214597,441.8031406388154,77.86828248465133
2015-07-01,96317.095317,194055.120747,56703.540552,15003.84221,270418.525075,297347.140256,554160.077838,213696.676268,96994.010847,840.818364,26354.92645,13287.357307,577845.207273,2464643.356216,3082971.66561,283139.229353,5160806.9240729995,438.03375478291395,78.69575981234651
2015-08-01,102158.999651,175477.7792,54798.275729,14883.162331,284732.24179,285146.594768,538706.878501,213642.186942,99086.40074,660.728021,26011.849112,13956.600181,583806.684376,2528530.980621,3152966.8423109995,286344.958276,5207944.320239,416.0219320893173,79.18221436835606
2015-09-01,104798.073321,191184.562196,67738.869779,15596.47213,292427.824542,363545.714341,400943.178873,222217.38664,103080.900152,398.586717,27178.986236,13931.48647,596096.011417,2602446.015451,3240051.0862910002,294982.30677,5296566.375035,406.6288634971738,80.420361037932
2015-11-01,102797.160925,210833.047717,110966.956291,16001.621,317179.215829,327939.497327,414112.372255,235078.660457,121155.182358,882.94191,26319.693023,14661.700507,583304.744434,2803236.43336,3428405.513234,309751.799,5594221.026392999,389.6582808387653,81.93562466643081
2015-12-01,103643.234688,199646.140246,80582.049013,17590.716332,359740.316362,325001.227738,505207.610972,236284.910511,123467.647372,483.980216,4753.864302,13790.96323,605893.174021,2852730.638079,3477652.6198480004,269705.574741,5698522.047823001,389.3218229651441,81.07246538590462
2016-01-01,100184.100036,248547.633667,47301.930022,17009.631824,407468.883625,291026.401547,502802.35484,225135.040655,123641.006816,838.348154,4747.600503,13133.819665,656428.190721,2865286.385624,3540434.3446669998,258484.065425,5762035.393124,423.96423428956274,81.16279952445574
2016-02-01,108617.707713,253834.786531,62490.989793,17128.448108,401535.81667,248269.043933,525252.834018,244076.537063,125614.904426,934.853249,5704.602543,12565.480782,649785.00576,2917083.118144,3586073.060478,264830.088342,5837724.217075,417.1933843953757,81.09070322698778
2016-03-01,137806.698752,250759.389657,45492.503713,17601.926922,387014.036984,243356.269414,515622.282886,262881.847282,123993.32428,965.908569,5337.151755,12759.119584,664281.085614,2994213.771943,3677557.037465,266746.621549,5928831.938904,413.00163347037824,82.47039349481022
2016-04-01,123770.510973,244305.689723,63754.66588,16912.388322,399020.247561,225524.973753,540693.680693,270479.785148,125249.506099,1049.42005,6165.047244,10088.223052,654752.48449,3021036.139241,3693091.314077,273522.01197,5976324.774199001,418.3418033165323,81.99442746130376
2016-05-01,116840.742858,229533.232304,54181.285337,17984.772292,400596.245139,204161.781213,587791.809001,274733.680479,124751.343015,778.988115,6544.898359,9641.804946,647448.156605,3071180.285704,3735594.133729,255991.053233,6002160.0786,425.5063461716161,82.65169658250137
2016-06-01,114763.303179,258229.667107,39170.518091,16171.878319,372589.531401,238978.674078,572556.940748,258542.665388,120453.11053,1023.585993,5919.5136,10337.340455,647857.880904,3132715.243487,3797853.564439,256431.423256,6045741.276536,436.1036763433816,83.32506465917892
2016-07-01,111372.35498,260213.991702,48498.131589,16227.669521,404064.9218,275333.794876,584623.776209,260264.382753,118137.524742,1278.140483,5412.850499,12002.410266,626330.839136,3191769.800378,3836794.040762,223963.188759,6139493.777693001,459.6391301362175,82.79188235626187
2016-08-01,119039.51605,277068.384929,45728.50472,16921.20222,406248.68937,293850.034352,615990.626488,242722.018402,117573.802377,1038.996281,5825.279041,13755.839121,621718.23128,3228633.976014,3870972.321737,183254.712283,6189369.812928,486.3456867547215,82.75325111128359
2016-09-01,116537.375,273498.358257,50860.728002,18881.711367,410408.838238,279857.163493,616295.401656,241230.407283,121107.373818,1345.829536,5570.653107,14507.482638,649424.011481,3284143.173394,3954991.150156,228253.87089,6311922.37816,463.2451740682028,82.5097723244674
2016-10-01,112922.352384,282755.450439,43023.018795,17239.997535,392460.933908,269031.917921,641427.331495,243429.416507,123244.594277,1236.768336,5456.991447,14453.525576,680389.127951,3352324.964727,4053861.378037,216284.199913,6395680.5912109995,463.393581333278,83.37972049000165
2016-11-01,113646.156054,288610.365413,44735.655701,17622.869526,405564.992457,248070.279246,665541.107453,242005.290847,124113.218529,1240.190739,5432.067669,13580.095569,706164.802438,3405764.348843,4132181.505258,211608.557705,6493699.998189,469.8945695226788,83.60711498737768
2016-12-01,123276.039348,308671.029765,74812.943439,20288.832025,432932.550366,227517.117126,692336.229171,244968.805681,117208.866828,1406.519109,4785.173796,13870.998607,707017.974084,3478638.48519,4205719.150786,234849.926685,6682581.491219999,445.6384723896414,82.82352513610387
2017-01-01,125753.81622,296979.441066,36382.226446,21411.04572,416883.622957,341493.897317,686958.882157,251960.345493,119060.558373,1686.39056,6740.261006,13214.418839,736324.598363,3474906.504443,4232872.173211,225049.139177,6754805.148137,486.7606857617806,82.45085538069557
2017-02-01,130585.067283,301055.682515,51627.113528,20923.906254,434691.003983,341102.547125,676755.041481,255551.42342,118906.396033,2468.491102,7236.984943,13826.68573,769428.495352,3518519.674231,4311480.331358,224238.111117,6866916.624097,499.9750855232727,82.67958549144532
2017-03-01,140154.221669,318154.624054,54808.952637,19813.891655,426718.938055,315578.419705,680556.08935,252962.860818,114260.490533,2144.308756,7366.670092,13995.650688,770483.438499,3620780.618418,4414770.686453,238295.150004,6976074.324933001,486.7965181534779,82.75716386607805
2017-04-01,145597.666719,312265.882208,56729.594357,20058.351033,485489.965466,301571.581169,686255.265415,243211.854165,116569.983039,1567.876015,6672.050995,12904.656138,783208.156578,3635208.906433,4439561.646159001,248733.096201,7056044.885931001,512.3644501077176,82.2689389138286
2017-05-01,141035.31975,306689.53547,62656.769691,18468.087846,478232.474265,352456.812953,721501.100198,280408.215644,116702.735509,1756.818034,7819.422906,14340.980703,783399.128103,3667522.237497,4474838.587243,202014.833201,7155004.47177,535.9068118134325,81.5532068137748
2017-06-01,136646.733393,334612.824643,33625.576189,20242.510053,480569.926699,400547.638697,636215.773217,290615.50281,118342.6624,1575.450258,7264.05071,15474.416013,821378.652921,3722445.123411,4568137.693313,229290.938806,7248847.780219999,525.4305086671011,82.17117644010042
2017-07-01,134627.229684,333717.590408,38058.339634,20007.113267,472929.032471,450465.027873,665369.723371,290566.734878,120788.456797,1660.066364,7008.814903,15957.100398,839259.773954,3753912.947067,4617798.702686,220936.385727,7365264.336796,530.1186786971538,81.56872488256222
2017-08-01,140141.522,336644.071984,31407.440549,21681.735514,461818.488458,482879.696022,677621.246863,284497.896467,120686.034167,1717.006149,6212.907482,16115.854479,841833.225211,3795321.081353,4661200.074674,217072.244297,7435650.450995,563.9710989749808,81.55264851559359
2017-09-01,140201.964807,338616.855179,48241.091654,20867.566097,467022.277202,483744.074856,707604.662814,285065.161715,120224.219966,1859.524041,7065.54667,17901.021874,839316.17266,3839307.32989,4705449.595135001,242137.061767,7559174.531192,577.6496599066908,81.24049961909402
2017-10-01,151377.852325,344008.779628,53271.496071,20637.383692,468732.86828,467173.000629,707017.302739,285781.016976,124678.764628,1508.667293,6525.302676,18800.272936,865787.460866,3859693.424562,4752315.1283330005,221352.421354,7596346.014655,576.5140869818832,81.43865999687013
2017-11-01,145486.048342,335284.917067,55792.713485,21939.280558,486509.499919,457554.171365,702990.865903,286263.854945,123193.289259,1459.626371,7456.916552,17825.626136,872102.263549,3907583.472328,4806427.904936,243740.464183,7665183.009962001,564.2006200992931,81.91540749550616
2017-12-01,158657.765916,341827.829733,78804.374457,24047.604056,525900.863217,428452.268246,736649.655376,285811.04208,116741.007917,1711.650523,6281.83434,16717.04841,864011.417865,4002055.530469,4890777.481606999,237169.321862,7824839.214466999,521.0368438398162,81.6188646287949
2018-01-01,156948.611649,355528.359806,54489.414754,22862.458979,528217.008644,481031.917153,742823.473491,299493.905451,130885.486734,1650.222729,7411.779605,15277.783657,832840.22964,4019509.956249,4876689.97188,260297.196254,7909267.804795,560.0537779069182,80.50074895127068
2018-02-01,153617.81454,351828.164654,65275.763799,22760.171111,527665.271461,493019.407854,735588.285561,305323.925496,130512.071092,1748.216953,9638.564389,15234.170424,858104.655964,4064654.43258,4949380.04031,271309.682683,8006280.598561,582.6861428520027,80.856681431211
2018-03-01,175587.28735,361350.863753,79495.297686,23291.767472,549990.232441,470393.979757,748232.749723,315630.934009,114617.921738,1775.324361,8583.63075,14725.097353,870284.546164,4187238.571968,5082607.170596,273130.02542,8194328.229945,527.5618598100683,81.01315910334765
2018-04-01,173622.760883,360085.162593,61592.989916,24125.400017,585892.698912,504546.364544,750944.410988,307995.06591,115155.814627,2374.965005,9702.958602,13533.904637,851008.215572,4208458.79367338,5085078.8374893805,281786.048633,8250825.55451238,578.2032806847142,80.26682534573028
2018-05-01,162933.090382,356613.134833,69647.706734,23915.057536,585176.684719,498750.65808,741615.768345,311837.220286,114827.344291,2062.12339,7798.640784,14006.784275,867751.89034952,4259293.67323,5150913.11202852,286180.781715,8302410.55894952,583.3278453033462,81.1113928140678
2018-06-01,167545.081174,383818.94397,56390.343358,24521.779446,573844.451657,487482.429669,713306.271497,318275.402852,109465.873083,2761.635937,9592.695546,17202.2365897053,891701.341853,4338164.126132,5259422.036057705,292920.983843,8386993.596606705,572.0548027575074,81.6322487033539
2018-07-01,166496.14596,410530.344521,39275.244865,25527.797325,656248.156518,472273.88536431,736898.5242473399,307625.708988,113017.968365,2915.855508,9802.426196,17520.91767,903180.95989,4382201.058405,5315621.217669,276686.010609,8520201.00443165,582.6379077603275,81.3279948943668
2018-08-01,157799.234525,403372.676542,50627.953423,24983.789281,645484.982559,493342.456479,740206.411273,316429.340381,120834.351933,2144.164196,8650.317491,18202.13955,920297.236455,4420553.972036189,5369847.82972819,271881.661294,8594810.687418189,593.318688402159,81.27284496272651
2018-09-01,162518.224232,388625.554206,75971.152999,26423.563891,656457.11894513,458182.73277308,745716.1344033399,337510.761016,119450.450382,2383.558134,9329.252163,18852.171285,958408.55128665,4500802.701433,5489776.23430165,289634.825978,8750266.753127199,564.272941249924,82.20677743921517
2018-10-01,166270.002539,396537.743584,85306.21247026035,25585.705296,676641.930386,439313.771372,688261.874095,353511.165547,113934.08289,2126.00383,11724.150256,19298.514915,971931.729723,4555824.793604,5560905.1923279995,323325.02742761484,8829592.707934877,564.728893301001,82.35949827874583
2018-11-01,169056.23832,334390.14094,70715.040482,26601.216402,750481.401755,448703.571613,668705.32181965,366677.394228,112109.852,3008.015367,15244.711895,17810.90106,995843.092617,4619682.779323,5651589.500262001,316040.633584,8915070.311405651,563.7317981544163,82.91606646108939
2018-12-01,167876.38204,336266.618202,78638.268465,28255.198307,772110.413641,447299.17802027,632669.5514255,375838.951713,110740.201431,2699.91223,12642.485807,18242.567668,1037776.248904,4684392.572072,5755753.786681,340215.835289,9045664.38521477,518.4956333149383,83.49444003425725
2019-01-01,167870.662919,330445.760449,81849.882055,27434.522976,760315.457797,489585.105287,698309.025301,370638.488957,113472.494598,2219.840262,10059.154169,17705.297414,1004260.8320552099,4663443.647577031,5697688.77147724,317443.27016,9055053.441976242,608.904153455872,82.78197145886449
2019-02-01,170131.791452,329859.967938,84052.754095,27529.08885,757383.336098,493419.384987,735703.0425595,373152.487345,113233.559104,2182.856421,7864.731217,17542.099068,984388.945979,4690734.977847,5702713.610532,343940.857973,9131119.880933499,618.8568667708186,82.24810420583034
2019-03-01,191580.399342,277124.912748,79537.176101,27407.623891,787317.88792678,503866.814811,753525.299415,351806.517312,105942.529155,2376.525197,8436.786947,18074.59134,992694.297251,4720267.55269451,5741849.75342951,367311.760465,9187270.67459629,614.4939971590238,82.54028438626855
2019-04-01,213573.43693,297223.508892,91090.43058,28211.418976,768917.173221,542375.963855,817360.263363,361799.329386,108566.183359,2037.158211,8473.962112,17578.780341,901080.020229,4705268.693932,5634438.614824999,369513.664985,9233069.988372,624.5138595544295,80.15024251469869
2019-05-01,170375.503115,238290.336923,106028.641996,26889.892642,774087.38217,564484.923863,874673.753811,393949.911773,108714.95933,2114.907545,9623.495321,16314.012636,898017.60016,4709395.965943,5635465.981605001,360464.496449,9253425.783676999,642.3042417324388,79.98142599926953
2019-06-01,166880.636826,278994.624095,88868.493369,27616.948825,748306.705212,592577.311687,878487.830752,399957.575275,105429.661807,2410.124866,8138.622079673045,16607.9622480248,907310.390271,4761565.042595,5696032.142059698,373430.761045,9356582.690952698,654.7018466413665,80.37553059455912
2019-07-01,173035.893944,295697.455387,86446.861392,28019.539698,799518.406257,609383.164177,811620.097831,407367.517898,110157.193336,2281.505381,9328.655239,16500.201914,957742.779031,4777160.114351,5763013.255915999,355582.395625,9439841.781461,679.4054597291318,81.18483044988619
2019-08-01,175997.72812,265617.539575,80674.097052,28286.421752,802824.755021,586241.577038,813018.4717806,425232.050614,109248.156221,2528.62111,9006.047694,17270.173264,985461.713713,4800626.958239,5814893.514020001,359090.67331,9461124.9845036,656.2947594917633,81.59053020394971
2019-09-01,183170.584424,294331.463783,85589.359883,29873.127505,796394.768977,589206.087406,784598.570474,434059.227445,106519.220417,2053.240939,9957.501977,17608.679728,950081.544473,4836919.413238,5816620.3803550005,395528.080938,9515890.871607,615.4201374422901,81.12917392849597
2019-10-01,182718.483515,277398.063258,83070.342959,28227.310383,784963.139617,613173.699485,793395.715277,429577.382604,107861.77387,1915.874795,8372.780687,18334.317719,948148.359639,4877014.905733,5853786.238573,372636.796744,9526808.946285,659.6839436453313,81.47335594193666
2019-11-01,181945.14027,274350.594931,104159.645784,28975.657715,772154.715513,607798.845781,791347.530895,427828.057111,104088.154824,1764.668833,9356.842516,18598.558455,972899.21797546,4921964.310699,5924583.59847846,407634.23813,9624866.17943246,657.8373902955638,81.87604226561379
2019-12-01,183759.292482,280548.715812,87748.161441,31687.413283,497961.221335,621407.290422,755024.679442,447131.928288,98214.396767,2022.470726,8152.156764,16709.9642,996307.095221,4991760.20167,6014951.888581,722663.958356,9741098.946209002,535.3078732879106,81.90362032240866
2020-01-01,176330.443505,282930.849199,109647.855519,30237.75607,500148.624353,593139.910444,795176.6600580796,453527.1953119204,98935.156582,2086.487262,8337.998573,16049.342503,1060309.218701,4992761.383654,6079544.430693001,725798.453206,9845417.334941002,550.509245062521,81.92145238444442
2020-02-01,178978.241311,303144.299747,109127.672106,31128.489225,522126.0032,619365.668945,851040.6909671376,459587.50624286244,97505.883102,2227.220013,5764.595588,16703.919651,1026482.085105,5019981.643219,6071159.463576,764405.789491,10007569.707912998,594.0155475891457,81.03196277591294
2020-03-01,237220.37693,264812.906531,102143.37183,31530.741095,603219.657302,630332.068083,851619.5068173199,485845.61813367996,95710.86806,2004.472661,9390.269716,16446.454933,1092721.125695,5083351.182643,6203913.505648,748561.410074,10254910.030504,570.8105805589698,80.4068157415462
2020-04-01,223201.485078,298105.007354,121213.480127,28995.424681,630543.948334,656889.296263,846327.8746582951,469343.539202705,93436.374163,1874.482204,8198.110127,14953.91609,1095604.300654,5122097.275043,6242728.084117999,792540.241301,10403324.75528,588.8896067389246,79.80594473866324
2020-05-01,202825.002909,249624.482079,101845.401759,28733.190966,593735.444787,660538.812149,954276.0623529584,456461.2172900416,97008.05349,1924.412857,6997.624185,13396.407329,1105952.881767,5109675.709056,6237947.035194,811256.499088,10394251.202064,593.4023679135478,79.45773064841167
2020-06-01,189450.885025,236312.283337,89324.66463,29763.00077,605431.8055883367,707753.679428,1006526.2554940999,451212.48286690004,91647.14152,1950.4072,6215.346186,13215.897478,1173060.513844,5106832.512447,6301274.677154999,807060.2003996633,10515757.076213999,576.8251803021944,79.18131575268873
2020-07-01,176000.0974,232591.915471,78537.603114,29699.607927,588965.929523,732621.522112,1066689.0241990068,481935.738393993,97410.218437,1978.881252,5128.097402,15505.065403,1229317.079221,5149094.43051,6401023.553788001,807256.723976,10692731.934341,574.0303361724417,79.13894172379516
2020-08-01,171997.301782,247437.760499,108030.663253,30223.400387,605702.911972,763816.004943,1070265.4973511668,509126.1342678332,102629.240864,2317.975518,6876.795162,17197.403577,1212777.621977,5260871.537918,6500041.334152,815708.590154,10924978.839625,541.6423758019823,78.43856743261449
2020-09-01,177382.819735,253539.598862,80292.309759,29363.442276,624005.144907,778605.045362,1158410.6298327663,524285.6872102336,96279.762539,2673.071418,7454.043459,17405.238603,1119104.703077,5437120.430131,6583757.486687999,811414.250779,11117336.177949999,577.7712610503904,77.8585840802327
2020-10-01,195914.791038,230410.737386,78237.345374,29549.290459,641068.05059,783303.0747624299,1186898.8967913084,531499.2583010017,104892.968929,2738.45652,6343.77636,17120.537137,1203818.868746,5494948.569314,6724970.208077,797230.313142,11303974.934849741,572.2143533054395,78.27793818292096
2020-11-01,196860.147219,259533.758201,100002.306656,29077.024275,643458.024107,748116.444035,1179228.0649511807,568027.1684058192,95803.014213,2685.835228,5544.101932,17042.534208,1242746.17228,5565747.78158,6833766.425228,824766.542033,11478638.919324001,564.5097155348865,78.437251879511
2020-12-01,193797.822601,290368.591626,83792.227159,30662.869741,702852.343743,777239.171992,1429346.449671,581087.682091,91247.455777,4103.262313,4533.401486,18781.639394,1077665.837847,5660471.89249,6765556.033530001,779487.380981,11725438.028912,550.0136754435879,75.41369563726758
2021-01-01,198821.657783,224699.523715,97200.625974,29657.87838,702113.137392,782703.635107,1477929.03597804,586655.2582,98572.188067,5175.899023,4997.437773,17986.185707,1229361.727052,5659608.20058,6917129.450135,801834.308615,11917316.69934604,573.7825606515186,76.04407136141506
2021-02-01,193725.492478,277145.464634,98493.68010307351,31887.267236,725318.07198721,704001.300736,1503492.0993695802,598539.746923,104665.425148,5103.849089,5427.18699,19208.111691,1249363.448875,5719281.03371,6998383.6303550005,831162.378116,12066814.557085864,571.292473613459,75.82589507616369
2021-03-01,227776.931751,244861.117982,110135.344172,29928.117852,729816.045408,687137.26222854,1468300.899633,617321.190797,99506.847252,4756.817521,5236.86924,17121.56523,1346682.715318,5826396.98058988,7200194.94789888,826242.85372396,12241221.55869838,545.1751326750409,76.68664482556086
2021-04-01,226903.51186,249188.170004,73559.239515,29823.5258,734710.155674,706119.466765,1554767.5465413202,609676.132427,119984.437074,4531.121539,6111.382276,14932.047076588051,1294711.6233578299,5873370.390476,7193656.564725418,837432.7809131215,12335821.53129886,564.7985143956851,75.69640818349173
2021-05-01,228303.678347,203601.546102,96586.767055,29736.957879,747470.42391166,727736.270474,1520031.699337,613944.0998411999,116014.873451,4606.477689,5826.539344,15033.195514,1375938.34152,5914522.251873209,7315926.805940209,848409.479426,12447762.601764068,565.4694665535274,76.46985584535312
2021-06-01,238213.55255,239904.420824,122510.372929,29917.809366,794484.433802,688257.543448,1516692.933086,585271.262456,110247.460907,4086.741476,6043.462486,14214.503704,1435680.656318,6003969.880533,7463995.244517,862409.237166,12651904.271051,544.851647462561,76.81493245866777
2021-07-01,219878.88066,216088.484412,112891.076438,30846.386635,866918.11001451,663444.015436,1573438.149577,533366.567631,110203.75596930001,3409.790909,7843.45781,14586.725484,1539347.256465,6043460.138863,7608647.369531,885281.284698,12821004.081001809,537.4006620209883,77.1763918784056
2021-08-01,216955.67501,217727.741197,110603.318487,30917.241526,980365.00865071,640092.104646,1513731.32035331,578459.217512,114583.37348295999,3959.634079,9479.240055,17675.531865,1618549.221225,6121469.868926,7771133.49615,881431.355855,13055999.85286998,533.2502552247064,77.39318110642738
2021-09-01,234368.569958,399493.022552,105109.138082,30884.320628,898419.411589,530477.135398,1497350.546603,534094.148026,121868.852299,3535.566229,8393.912032,18416.11814,1587820.509799,6174255.13364,7792421.23984,878429.214986,13022915.599960998,564.9029752670654,77.79540659158937
2021-10-01,233340.004148,375675.159252,167643.752955,31613.980138,743704.897615,539703.898732,1550459.48844,535983.337075,122313.40541765305,3242.530595,9012.646049,17605.255943,1586414.1048615,6369955.718828,7986230.2562765,887322.1512185,13173990.331267655,497.9329623625417,78.83354708311383
2021-11-01,234387.810834,433160.596924,123922.37279406,33680.376792,710962.134223,543071.944321,1593587.85267153,511268.898238,120174.962571,3670.470682,8254.837642,18543.389882,1503235.698197,6474798.35281,8008502.749213,907368.501615,13220088.20019659,507.2109339077056,79.13820915190645
2021-12-01,220649.415819,398542.800428,123413.651786,35537.868907,663891.475827,577515.864508,1584961.573978,499579.550587,117093.59708,4377.861366,5749.777922,19572.888314,1543965.427238,6634344.837776,8208010.7926159995,898233.103688,13327429.695224,451.5346584709609,80.19692856689109
2022-01-01,254671.914695,385336.426212,120494.858546,34682.372971,684232.988422,597852.4649518301,1734345.6842340801,478226.161387,124534.487132,5356.094675,7272.838643,19587.270816,1361603.552297,6705152.929365,8098972.685796,988623.55809501,13501973.60244192,446.94210315112804,78.81027372468668
2022-02-01,247236.775354,344317.531178,121853.205837,35795.974581,631020.976458,621841.562938,1829404.24247,478110.503861,122245.228889,5525.632931,7670.343202,21738.995531,1326935.621065,6736120.800476,8097991.393205,1044710.329858,13574527.724628998,461.66734187963846,78.30330179867359
2022-03-01,281791.40047746996,379996.64559,116064.257295,35666.205849,1015411.436072,657732.223764,1885658.684563,619813.998034,116158.824748,7728.207766,11241.557693,29868.845462,1196860.090978,7206698.821521,8452397.52342,1187866.757206,14748557.957018472,494.56815744657615,75.44147206980807
2022-04-01,295938.085683,468826.930834,81843.713705,35825.505794,1267848.1898,514709.145539,1829102.46413261,723171.477354,113308.65661,7474.639107,15479.274789,33116.10956,1053060.647496,7454902.688583535,8564033.359535536,1308654.486498,15203262.015485145,518.750453647842,74.10564159294604
2022-05-01,337012.319974,429102.984624,62254.184862,35721.552667,1333243.0480598998,402990.2928115131,1897897.974757,731714.434464,116617.917595,7101.923361,16237.071005,34208.333398,1047002.223259,7503535.066498,8608084.617521,1272842.274469,15227481.601804413,511.5185481585597,74.48781411207344
2022-06-01,317305.380729,535679.602676,67810.215072,33944.135338,1316205.465209,373430.1117,1933403.675935,738345.649796,115567.89012615097,5845.17888,18230.724123,35917.162909,1052805.225365,7506655.137684,8619453.428961,1243416.851764,15294562.40730615,542.3618468679472,74.27307220233618
2022-07-22,302657.874261,583751.509675,64631.114658,32858.384125,1264691.909572,389274.843278,2011041.3830953601,689735.5427990601,116602.136498,5258.43799,19881.621037,31626.778234,954041.719712,7566819.386854,8577627.943827,1312220.312639,15345092.95442742,555.6012037416159,73.66148125395402
2022-08-22,318755.749303,613348.753885,60447.583353,32584.916268,1194627.001309,469669.231144228,2067822.0602392699,721814.960225,119786.083296,4050.712393,11024.173317,30815.896586,917125.5149177384,7488824.016784825,8451840.313998563,1285518.056671,15336214.709692065,548.1446866208533,72.03190973247196
2022-09-22,301794.562747,635753.363713,78420.381261,32049.107222,1309285.132811,498188.262331,2219910.324808,645311.42858,120651.12156022999,1940.916634,8433.206782,32312.058871,918941.92195,7452914.219096,8414542.323333,1342387.474777,15598293.48314323,557.7008742677107,71.05720655906697
2022-10-22,335211.21150371,625382.24573,71708.062251,32545.417804,1228167.7986224198,493701.042827035,2296150.465284781,638625.949225,119291.886974,2098.131609,7420.0139,28880.213038,928562.515553,7554601.463536,8521562.337636,1373774.263093,15736120.680950947,590.4549024998594,71.79302577480686
2022-11-22,292024.70577,618449.152364,122758.49105,30670.302207,1169463.2097138,575608.2617522603,2374784.933644,665092.885472,119918.759486,2213.34192496,7012.614276,29416.515263,917188.291774,7514425.372691,8470256.13592896,1401856.8085086364,15840883.645896656,584.3643232936746,70.54505230249946
2022-12-22,284525.464932,630940.74424,139329.842467,32727.732369,1131212.522712,624935.02746,2461325.166215,639320.762591,119805.333646,2002.606325,6733.926242,25515.514452,921836.56958,7441119.14658,8397207.763179,1423014.636657,15884344.996468,610.2135667538929,69.64787762796323
2023-01-22,299567.457497,615083.44636,116886.13663,31398.79354,1152261.01865,760129.717286,2522640.275758,634964.101223,120112.07921,2016.684152,6458.360059,22688.514672,885937.890739,7390356.854127,8307458.303749001,1442594.799791,16003096.129694,668.9388977206343,68.70587848783909
2023-02-22,246961.100505,543255.156702,92700.334219,31315.66972,1092504.9849058401,790969.693894,2760431.97114,595262.055514,121525.999353,1966.357257,6105.243951,23317.24744,905157.953631,7305626.091022,8242172.893301,1468263.365754,15985363.22500784,715.0880762235065,68.27269660522035
2023-03-22,281366.972392,518988.367598,76901.913334,28813.868768,997928.241139,908510.560531,2750232.543134,543538.37961,122565.819799,1413.315817,5660.073978,20620.262607,889415.394948,7163080.142646,8080189.189995999,1419806.764695,15728842.620996002,720.1413717977687,67.7285609610223
2023-04-22,289523.576532,495336.099285,112497.152164,29260.203697,1094509.296275,949604.837514,2804751.304112,536539.222295,119600.612384,1578.030733,5750.343144,21343.306306,885606.207975,7094599.852186,8008877.740344,1531255.51677,15971755.561371999,719.824142405615,66.52091616372302
2023-05-22,275896.939586,503454.818054,80952.620538,30047.754274,881885.362525,1141373.493988,2861937.46908422,526663.084554,118471.083633,1679.588699,5450.608116,19043.860792,869954.6493,6983063.853138,7879192.560045,1496483.902506,15796359.088787219,701.7866038162812,65.58029816075268
2023-06-22,278261.469181,510327.97082,89188.200959,32237.08304,944696.655396,1290685.042901,2736395.758491,565081.748667,122023.386066,1133.891004,5231.994372,20808.62066,866280.445112,7057296.58618,7950751.537327999,1581686.805125,16101335.657974,719.7255124169418,64.97153231508429
2023-07-22,272666.98493,468165.195217,83252.266294,29634.047011,1065036.491779,1281319.99670659,2884952.138758,594141.542821,124064.807198,750.287202,5455.076583,21377.905236,863119.55630908,7087179.50513596,7977882.3304660395,1556789.79177534,16337905.592955971,744.9961953613131,64.17696328968032
2023-08-22,284539.895242,288866.799062,80671.921185,29544.058976,1164504.685108,1416629.961738,3166165.882053,412453.930482,125575.446259,675.791529,6107.369146,20654.519516,869291.480841,7091629.561771,7988358.722802999,1474155.565804,16431466.868712,804.6787966233367,63.75410519115105
2023-09-22,276907.278653,314977.171952,74255.495105,31602.263865,1191483.783251,1464413.356764,3162279.979794,421188.523857,128520.717058,833.410789,6473.981015,20652.955741,868872.961161,7195935.245568,8092768.554274,1508435.970389,16666833.094961999,819.0309415317583,63.599116886698205
2023-10-22,266706.292467,350190.649684,86485.486777,29637.069106,1196334.760694,1587969.037859,3209680.50407,430216.25582,125962.769456,1019.19595,7863.58673,20871.369856,867422.326742,7235102.169942,8132278.64922,1478950.311609,16894411.786762,854.8847103136325,62.36095057343043
2023-11-22,273404.469801,336007.834983,93904.932373,29958.406103,1118670.5409,1706781.518352,3177644.225566,432973.709276,125620.912708,1119.598916,7158.932931,20834.091581,862254.748391,7304066.980588,8195434.352407,1510019.751049,17000420.653518,835.827893371849,62.447320959315064
2023-12-22,286367.138811,332212.357113,94792.79614,37443.683365,1131988.026223,1813970.901647,3188559.384279,425959.375037,131521.047028,1213.386456,7533.909746,21585.430464,867386.708903,7456512.91118,8354232.346749,1476282.16471,17273329.221102,762.1509760933159,62.83701878159286
2024-01-22,282790.523664,314965.918618,102261.515977,31215.378651529998,1093368.3884304292,1879388.218275,3277495.217798,420722.492781,130140.272326,1531.876985,5406.825611,23141.598804,867751.60734,7379470.82874522,8277302.73748522,1444309.95364585,17253960.61765203,842.4270014169622,62.65320010863624
2024-02-22,289815.356786,227496.856484,92663.216345,27397.656307,1101925.8797,1994317.88776231,3348126.706152,412597.156897,141586.185997,1768.475468,6523.525957,23421.911332,897508.762513,7347309.471382,8276532.146652,1469005.771403,17381464.820485312,843.9583873077235,61.931601763249034
2024-03-22,289570.4176589,239257.55369,89642.055649,28365.136039,1023343.953915,1997094.450142,3327756.875048,404808.113602,138124.492628,1327.387819,6314.378984,22442.72525,915987.335441,7380375.72993376,8326447.55742776,1520893.717335,17385304.32313466,809.8727351462271,62.61636639217816
2024-04-22,319666.651685,319693.13243083004,69597.365326,27145.516976,939850.0922923201,2041568.86275706,3405217.406881,399573.581595,148163.00531,1294.83149437,7039.834816,24172.351922,907369.3586281999,7351770.62774254,8291647.00460311,1507546.576099,17469669.19595532,783.2083983251398,61.60436626367962
2024-05-22,301855.15308277,278139.76444295,75764.34649252001,26521.533718,996575.2773974,2085984.869795875,3437938.975901,406276.781525,161674.34409,1937.748538,6603.946263,23564.63032588,901765.37073091,7413412.387948889,8347284.08380668,1506398.6859348798,17624413.816187073,805.966081096533,60.78499457351546
2024-06-22,286649.83881,283274.102008,91513.382757,25963.827577,1055832.486404,2097029.440085,3383579.99114,413009.974191,141859.486285,1847.381941,5915.425131,24622.337653,901166.269251,7505609.484662,8439160.898638,1528544.682645,17746418.11054,773.9449993748993,61.066826269004274
2024-07-22,294340.72214038,285446.25889,72805.708263,26167.797527,1142010.649274,2162059.23183099,3516817.300732,409775.193016,137571.274544,2970.689876,5543.666619,28829.551891,894192.909061,7436317.786229,8367854.603676001,1472669.516664,17887518.256557368,841.8509501478333,60.06586071404668
2024-08-22,292524.863475,285658.936329,72993.290981,28985.055626,1125584.513134,2286397.247188,3432547.877901,406662.610736,137097.597748,4305.342593,5142.975689,29287.282788,908064.497223,7524619.074595,8471419.172888,1465384.0298318001,18005255.195837803,839.2129882428055,60.31688889865403
2024-09-22,319147.980267,317776.204572,72482.620239,27275.211177,1093911.876567,2262871.363683,3472523.32715,404313.860058,130623.50474372,4308.29534104,5015.49305,30777.310507,917023.446827,7628840.199769,8585964.74549404,1582395.441325,18269286.13527576,831.8807193745339,60.621715300220444
2024-10-22,295639.25835178996,342647.35426,82412.853923,27693.879026,1089369.136652,2448840.611217,3502864.624554,400573.47914,134852.768381,3184.61486,4601.67403,32589.468079,922070.86143797,7691495.844534,8653942.46294097,1539681.773098,18518518.20154376,868.4976762059707,60.08529157542115
2024-11-22,302321.00319,330402.166715,92199.715622,25744.14221,1143285.46584034,2511886.273335,3601091.9185059504,397723.253145,134328.794247,3167.668935,5190.841878,34089.512271,933046.129639,7741792.997105,8717287.149828,1537986.90030642,18794256.78294471,892.5051726591574,59.63402858872475
