End of Period,Paid-up Capital,Demand Deposits_Inter-Bank_Domestic,Demand Deposits_Inter-Bank_Foreign,Demand Deposits_Govt. of Sri Lanka,Demand Deposits_Resident Constituents,Demand Deposits_Non Resident Constituents,Time and Savings Deposits_Govt. of Sri Lanka,Time and Savings Deposits_Resident Constituents,Time and Savings Deposits_Non Resident Constituents,Total All Deposits_Demand,Total All Deposits_Time and Savings,Borrowings_Domestic InterBank (h),Borrowings_Foreign,Other Liabilities
1995-12-01,33459.76107,28.025213,259.971505,8231.728562,32970.429019,1085.516889,1251.528605,153319.166763,31085.294477,42575.671188,185655.98984499997,14259.517261,2783.677031,56778.971079
1996-01-01,34543.004915,51.398709,789.014508,7837.808598,32480.144025,1136.516464,1724.817096,154306.501998,30654.783199,42294.882304,186686.102293,14120.905752,2341.02903,56748.641675
1996-02-01,35033.53141,47.497158,443.441775,7068.134192,34885.712434,983.282012,1597.894118,156759.13881,30869.23007,43428.06757100001,189226.262998,17729.257821,4179.600287,57623.193309
1996-03-01,35560.92468,13.20481,810.803225,6864.444577,36698.295305,1419.573678,1879.373538,157381.776405,30872.993054,45806.321595,190134.14299700002,17394.765098,3174.417173,59744.578397
1996-04-01,35767.743239,36.096371,584.070817,8547.851008,35944.382967,1378.502181,1786.972517,162416.394398,31505.942974,46490.903344,195709.309889,16553.155618,4230.758797,58465.277946
1996-05-01,36031.493234,328.174756,626.041409,8275.968475,33700.907814,1498.818548,1682.294388,165452.713808,31946.107442,44429.911002,199081.11563800002,17410.192107,3516.370581,57919.390635
1996-06-01,36336.836064,10.423288,377.058734,6772.625347,33109.379218,1412.593113,1815.027653,164451.102155,32572.742342,41682.0797,198838.87215,19898.742462,3561.104921,56172.03296
1996-07-01,36648.119246,276.273756,466.213787,8179.182124,34062.056059,1674.790453,1785.25209,163883.607304,32887.301888,44658.516179000006,198556.16128200002,19456.542892,3509.699066,63034.2495
1996-08-01,34932.59395,719.235699,598.143976,7506.175217,33519.240329,1505.741886,1774.757926,163911.678096,33891.388294,43848.537107000004,199577.82431599998,20502.878719,4009.06128,62573.322828
1996-09-01,35307.253967,18.752354,923.750539,9304.8624,34351.204293,1681.844455,1737.583643,165065.494051,34514.272707,46280.414041,201317.35040099997,20510.559286,4704.411318,65024.811748
1996-10-01,37317.203416,16.548269,790.193609,8803.96169,32557.738824,1656.76555,1890.722757,168841.30166,34212.266712,43825.20794199999,204944.29112900002,24622.466041,3327.541052,61685.838619
1996-11-01,38761.596432,16.694163,1005.856588,9335.934265,33683.833796,1284.449824,1784.051624,169950.624648,34776.160265,45326.768636,206510.83653700002,27271.286897,3029.850526,57797.084988
1996-12-01,39237.696816,3.595163,949.919664,10868.568891,35515.712278,1529.092869,2033.225167,174997.814424,36008.8832,48866.888865,213039.922791,26208.381258,1986.546496,60456.936834
1997-01-01,40079.309275,12.582951,881.055919,9333.986892,36159.83317,1185.142638,1901.621812,175267.845188,36857.507518,47572.60157,214026.974518,25931.994542,2613.007076,57761.443539
1997-02-01,40863.62131,16.503849,713.674509,8775.358171,34864.696418,1126.848131,2349.432063,177370.007323,36985.867579,45497.081077999996,216705.306965,26247.812869,3114.503167,58967.751251
1997-03-01,41055.879658,98.388633,625.737289,7936.153975,36617.811303,1390.913009,2590.792578,179829.125793,37720.742112,46669.004209000006,220140.660483,26290.195454,4801.71377,63537.014818
1997-04-01,41565.542796,77.779782,659.544121,7806.239392,36891.437906,1110.103879,2737.747417,180774.03797,38470.463962,46545.10508,221982.24934900002,25676.304779,5262.734509,61597.075606
1997-05-01,40829.961223,54.483572,571.912418,9184.683441,37203.471059,1112.208414,2842.423955,181947.388641,38269.725572,48126.758904,223059.538168,25886.482859,4594.397923,67900.069656
1997-06-01,41012.55951,15.143983,604.273018,8472.535182,36938.040267,1090.841789,3113.748511,185433.90969,37881.044861,47120.834238999996,226428.70306200002,24953.949418,5244.974697,70039.692547
1997-07-01,41680.183144,34.370774,645.008797,10481.822244,36793.991639,1075.139001,3172.205376,188066.114641,39313.834954,49030.332455,230552.15497099998,23274.405269,3731.331794,71358.003425
1997-08-01,42385.917925,16.374592,680.189737,8896.67248,37006.27636,1299.269465,3613.160365,190920.65621,39240.979468,47898.782634,233774.79604299998,24084.926659,3942.251591,69732.575611
1997-09-01,43933.473733,109.830998,566.809321,8851.577948,38464.044749,1260.276181,3740.574851,194707.099813,39819.712287,49252.539197,238267.38695100002,22699.651234,3586.301866,71602.439428
1997-10-01,43317.253193,40.040528,636.761639,8444.983428,38812.258217,1358.439667,3751.598179,196277.246331,40228.837258,49292.483479,240257.681768,23335.445874,4370.270739,73890.515417
1997-11-01,43001.799376,20.576052,605.685625,9481.898424,37704.510958,1334.772177,3876.747036,198988.91358,40588.578696,49147.443236,243454.239312,22742.366367,4462.006879,71113.470042
1997-12-01,44368.426661,1.71803,737.166609,9847.002129,40107.863248,2010.52224,3881.339792,202406.121791,43254.876788,52704.272256000004,249542.33837100002,24170.914803,3237.615071,68766.995725
1998-01-01,46315.677878,42.785363,809.484358,9607.402711,39136.933534,1961.058489,3489.661029,203489.807402,44174.32953595,51557.664455000006,251153.79796695002,27076.287622,4546.509932,70062.189068
1998-02-01,46790.820693,32.599482,753.007342,7210.464975,39783.164348,1576.979172,3340.028973,204187.8798,45266.801821,49356.215318999995,252794.710594,26688.751862,4059.874803,71668.096863
1998-03-01,47092.53246,28.288943,529.920236,8510.364036,43304.150426,1672.387925,2490.461529,205010.401843,47307.323447,54045.11156600001,254808.186819,26559.44173,5759.260817,74151.494028
1998-04-01,47372.782144,60.944044,683.475745,7516.764851,42176.275113,2141.090422,2098.26576,206715.475479,50322.10125,52578.550175000004,259135.842489,25579.320345,3214.771088,75632.472757
1998-05-01,43653.463961,36.961347,804.813517,10568.433624,42439.806042,2054.941264,1848.176389,207295.546732,51720.379444,55904.955794,260864.10256499998,26847.89236,2871.641547,77946.911467
1998-06-01,44122.158856,47.115691,667.169996,9174.359046,42446.528635,1481.566555,1763.16824,206816.87223,53413.269233,53816.739923,261993.309703,23794.536692,3702.740787,75526.37112
1998-07-01,45537.287985,13.556609,731.179898,8818.933584,43555.593184,1495.810167,1705.246699,206412.78405,53149.911104,54615.073442,261267.941853,24525.021556,4107.970692,86373.113429
1998-08-01,46108.158286,26.859502,600.641394,10997.212167,42679.215042,1413.375477,1596.769511,205115.990469,53913.280372,55717.303582,260626.040352,25995.676496,4692.211538,84221.292777
1998-09-01,45611.159728,28.85924,563.986493,11379.586927,44439.688431,1338.816443,1367.845693,208215.088362,53895.425761,57750.937534000004,263478.35981600004,27472.47128,3885.934158,81936.236961
1998-10-01,46287.011987,9.29538,624.177793,9149.282792,42867.152898,1466.968286,1477.202712,211274.76992,58207.141311,54116.87714900001,270959.113943,25934.143502,5780.465458,82474.99164
1998-11-01,47775.611583,21.135959,747.488971,12184.999727,43796.188436,1633.686138,1394.344185,213661.415435,58917.919027,58383.499230999994,273973.678647,26135.670963,4611.534304,81903.525817
1998-12-01,50219.68088292,2.440133,627.10240992,10396.917232,44470.02794247,1735.98544722,1248.621061,219905.72873370998,61073.83094728999,57232.473164610004,282228.180742,28413.236823,3625.668606,79963.55217632
1999-01-01,48576.80834344,18.367856,602.557029,10685.324431,45081.768142,1470.271843,1265.567446,220732.180749,61270.798052,57858.289301000004,283268.546247,28212.200727,5183.935429,80323.969775
1999-02-01,48204.839235440006,367.304467,746.848526,10649.498381,44599.219798,1482.062377,1269.908274,221718.433246,65829.575012,57844.933549,288817.916532,29751.053124,6200.260637,79718.639048
1999-03-01,47521.177195,46.044191,564.761725,8844.972844,47076.954039,1615.494607,1237.212552,221990.322117,65619.253791,58148.227406,288846.78846,24853.167782,6466.052511,85075.337693
1999-04-01,47875.610927,26.590887,627.880916,8629.119516,49150.634637,1895.150336,1417.963154,223328.661729,64687.903704,60329.376292,289434.528587,28967.65502,8285.699673,98506.093541
1999-05-01,48343.998817,54.012815,998.235172,9166.248418,48242.668712,1640.87937,1247.75299,225060.497989,67528.329067,60102.044487,293836.580046,28521.831348,9814.631028,93778.216293
1999-06-01,48370.785089,71.392946,900.341721,9233.120884,47771.124119,1615.074611,1271.388481,227818.669391,68333.80441,59591.054281000004,297423.862282,25620.932229,9703.141931,87287.120691
1999-07-01,49505.358826,19.919095,656.472452,9305.131381,47250.576841,1934.087954,1320.314021,230234.925676,69722.639174,59166.187723,301277.878871,27564.887792,10253.41155,90896.937254
1999-08-01,49050.68518744,20.134308,1037.06022587,9999.510298,47171.489815220004,1668.5857856500002,1226.683461,231534.68058261,69131.88112023001,59896.78043274,301893.24516384,28416.268297,9826.41473098,90932.58653217
1999-09-01,49219.586946870004,39.781114,721.64409961,8889.040675,49125.36543096,1584.17874959,1255.590625,235497.99983132997,69746.81917403999,60360.01006916,306500.40963037,29834.35616,10037.165233,86490.376945
1999-10-01,50563.156792,19.247634,488.257699,9896.764559,47064.810012,1641.722616,1104.651734,241068.767467,71036.150226,59110.80252,313209.569427,30198.886321,10179.617683,86471.41835
1999-11-01,50316.821042,36.373993,498.910897,9980.324964,50196.155928,1367.440428,1031.648838,246283.91916693,70736.55400773001,62079.206210000004,318052.12201266,29767.272436,6837.68632,91505.547006
1999-12-01,51570.804367,124.75996,658.647917,11603.188458,50058.702899,1687.694509,1063.329514,249521.826432,74984.796129,64132.993743000006,325569.95207500004,32833.014596,4380.688489,92367.949461
2000-01-01,53342.207802,41.285322,551.807296,9929.418532,52011.850239,1544.196731,703.854651,251992.5161,76370.103661,64078.55812,329066.47441200004,30838.084479,5838.938012,93481.127036
2000-02-01,53180.26315385,42.477669,638.96348946,11204.734077,50693.166309,1754.55923777,653.256123,254533.43855381,78580.86739155,64333.90078223,333767.56206836,28524.957644,6374.294498,96238.59815162
2000-03-01,53266.35598829,29.462208,518.7178721,9388.336608,51108.148834379994,2191.76309355,605.46728,256482.90782359,78664.96794286999,63236.42861602999,335753.34304646,28741.577222,7083.996664,99669.86375539999
2000-04-01,53183.88403335,156.974871,430.86722,7820.48332,51661.1650696,2378.528284,710.763733,259608.294626,75641.767746,62448.0187646,335960.826105,32810.166661,6394.548117,102630.086958
2000-05-01,53447.60415735,168.379844,419.163242,7932.410875,50134.5109816,1675.157841,750.01786,258780.744994,77025.143728,60329.622783599996,336555.90658199997,36312.934051,5364.514772,97485.927835
2000-06-01,52789.71091306,152.774128,537.73646537,9073.390827,51951.391206479995,2070.04189089,620.979687,261865.45117394,77941.25215165,63785.33451774,340427.68301259005,40001.836187,5385.16029364,102181.17479664001
2000-07-01,52338.72325607,151.59358,434.16942387,8292.166975,51477.53891595,2085.61739398,630.945894,265594.30170022,77969.38915679,62441.0862888,344194.63675100997,37556.202564,4072.100846,90896.25135215
2000-08-01,52706.13040081,163.557868,520.73303294,8858.682379,51569.66552458,2097.6895149800002,662.438688,267531.5343579,78807.85964227,63210.3283195,347001.83268817,48517.617845,3793.57284084,95029.47295809
2000-09-01,52564.91467809,158.661153,463.97596622000003,9270.153536,52141.25704685,1859.6734705,605.570859,271873.35143723,79391.21279313,63893.721172569996,351870.13508936006,41202.330837,3909.17182669,96722.07996702
2000-10-01,51970.84163635,167.626044,508.168569,9003.338093,53952.874351599996,2033.333147,615.573844,276062.467106,80960.366958,65665.3402046,357638.407908,52636.103274,3404.618601,106195.570314
2000-11-01,51755.41843177,176.034515,531.94216087,8825.136415,50665.928223309995,1740.97879662,611.892029,278491.19315544,83894.25048187,61940.0201108,362997.3356663099,56013.405081,6377.89146645,100228.99394287
2000-12-01,51807.67082511,161.526291,387.87774733,12392.73954,55788.39871297,1711.06217076,763.745585,286191.90035282,88268.67127829001,70441.60446206,375224.31721611007,66643.314229,5951.8119564,107612.68272797999
2001-01-01,55196.46492201999,190.591214,456.94925597,8971.46408,52432.92820204,1855.11057429,752.768265,287287.05565492,95182.64715954,63907.0433263,383222.47107946,60112.919025,5890.64019101,107204.59982798
2001-02-01,46866.62143703,280.709455,521.3168366,28919.576191,51933.445700309996,1865.3393074100002,780.941032,289316.95557176,94316.12349495999,83520.38749031999,384414.02009872,41634.880253,5654.959378,135285.12492713
2001-03-01,46828.319833839996,100.377308,453.32758213,21948.27069,51486.03043149,2065.70029104,780.842886,290015.3815192,93054.06417994,76053.70630266001,383850.28858514,43260.939244,6405.074361,133640.84908195
2001-04-01,46583.18879525,118.887656,497.89550387,20748.677724,53958.6311784,2262.2113443000003,1739.784538,292874.5275075,96783.72730760998,77586.30340657,391398.03935311,45624.994616,7281.03092664,131887.3373566
2001-05-01,45625.978591980005,118.026121,475.776841,21105.745967,51029.192194699994,1927.5537493699999,781.527951,295948.56880819,99815.12394426999,74656.29487306999,396545.22070346004,48071.160694,8491.92834527,119248.06660377
2001-06-01,44961.590260029996,108.180567,459.89846236,20260.550711,48931.65342611999,1955.99179577,878.194602,296977.22457407997,98511.98680331999,71716.27496224998,396367.4059794,47631.356814,7993.22524372,118007.36570743
2001-07-01,45100.61623154,118.499835,708.35136511,21897.454319,49722.962169629995,1906.3914492800002,941.693917,300984.68490552995,98809.88225648,74353.65913801998,400736.26107901,50181.838897,6524.70770044,115273.580799
2001-08-01,45272.440588,107.09062,491.243019,21848.762906,49688.3859026,1810.4681209,1037.28498,303575.026809,99017.10904,73945.95056849999,403629.420829,47364.173217,7012.777889,115698.492144
2001-09-01,44932.40083239,116.976076,676.542585,21833.000763,51018.51781643999,1764.65212108,1096.239562,309322.22208489,98372.56308608,75409.68936152,408791.02473297,52335.995536,7972.8888701999995,120346.34521806
2001-10-01,46028.072634767996,41.682773,477.32535120999995,23767.025957,50916.62167314,1714.89329306,1092.554655,314874.18662326003,99462.26146286,76917.54904741,415429.00274112,50188.773593,6246.00371783,121405.37108894999
2001-11-01,46071.91635158,57.090971,446.00946177,25041.970375,53373.02270051,1816.7466446100002,1147.149619,318631.22171280003,101892.08899232998,80734.84015289,421670.46032413,52266.247149,8808.34074153,121060.74502952001
2001-12-01,44520.10241171,26.812482,526.20190637,24985.222165,56665.24017774,2169.4809668800003,1320.848234,328516.41236257,104610.92440182998,84372.95769799,434448.1849983999,57815.5212135,4916.010835229999,115082.72316384
2002-01-01,47541.38628861,45.63617,560.05835897,24562.221871,56409.55846788,1838.3168937799999,1349.874028,331596.95566359995,104641.92574635998,83415.79176163,437588.7554379599,54532.484147,5555.45499546,118246.44653967
2002-02-01,47177.363497620005,119.385917,468.04512338999996,21227.245234,55605.203154129995,1850.46109502,1302.06258,335755.90870268,106412.5238647,79270.34052354,443470.49514738005,48875.09566,4571.4025805,116769.904964
2002-03-01,47000.23118883,301.214355,582.15730161,25425.552357,55114.95141887,2035.41697383,1322.785516,340424.80970203003,110198.05976182998,83459.29240630999,451945.65497986,51587.126272,4839.619338699999,118114.13261433
2002-04-01,47261.81015413,190.644651,687.1060282799999,23761.277323,55795.366213739995,1833.3471001599999,1538.734795,344471.51721239,114132.44723925,82267.74131617999,460142.69924664,54574.327544,3898.216419,121184.23402888
2002-05-01,47398.344937739996,204.209531,838.40902,22274.132328,57732.10626724,1842.1817359200002,1608.270613,344693.9166,114487.22201126999,82891.03888216,460789.40922426997,55816.196271,3814.084114,119325.516426
2002-06-01,47671.51903074,277.04469,772.332941,9245.407472,56494.719624239995,1747.870776,1593.351841,350786.018413,114357.57898426999,68537.37550324,466736.94923827,52861.558286,3074.004518,121265.445404
2002-07-01,46774.29453844,301.41328,514.037341,9574.9366,59278.33486124,1598.708602,1672.728114,353962.709883,116071.366092,71267.43068424,471706.804089,54745.80483,3417.239665,119142.8378
2002-08-01,47916.60415944,198.695387,500.053394,9428.704274,58728.522945239994,1497.787447,1616.85219,356331.501524,117027.136899,70353.76344724,474975.490613,51618.868829,3092.603565,120577.059111
2002-09-01,50450.522036,39.662577,1145.557988,9970.191734,58788.67381424,1532.244624,1627.995342,359511.068894,117422.250232,71476.33073724,478561.314468,51531.766046,3421.798532,123289.821235
2002-10-01,50024.61681,50.811148,763.806522,9951.013052,59283.03353124,1486.179204,1639.961265,364440.188748,117149.65582,71534.84345724,483229.805833,48770.318957,1875.880381,119910.465137
2002-11-01,50553.872026,82.96019,1224.861557,10429.538135,60004.08161124,1336.544823,1696.871087,367831.546029,118307.263036,73077.98631624,487835.68015200004,43456.084755,3087.07464,114245.813895
2002-12-01,51769.828729,42.242536,1812.647415,12839.25064,64052.40205924,1629.771349,1670.783685,371033.458801,120147.818306,80376.31399924,492852.0607919999,40919.998027,2825.771414,119281.675027
2003-01-01,54879.706124,67.508509,1795.439065,9851.619405,62207.59081324,1777.791072,1686.764233,376959.219232,121533.812583,75699.94886424,500179.796048,37755.042815,3421.494065,119572.402466
2003-02-01,55006.084862,55.770919,2284.800572,10316.098705,62285.90946324,1623.736316,1681.780673,380351.290261,122819.197383,76566.31597524,504852.26831699995,36431.674567,3564.395724,121399.477676
2003-03-01,54319.316896,69.253535,729.871188,11533.43716,64306.17323124,1842.208201,1607.70546,383470.171079,124434.223677,78480.94331524,509512.100216,37417.14215,2891.125215,127743.041505
2003-04-01,55570.037764,93.723965,719.0551,10307.915511,65867.43281724,2075.17474,1652.201281,387189.223894,126000.40398,79063.30213324,514841.829155,37118.803048,4660.331878,123100.318518
2003-05-01,61388.624646,49.95009,983.89898,11022.906904,67103.98021524,2063.197661,1708.413695,388802.058165,126125.505183,81223.93385023999,516635.977043,38127.973338,4108.905821,123118.34203
2003-06-01,60903.840085,46.93854,1242.202322,11220.30215,66887.09299824,2391.78011,1778.950814,390556.927515,127662.639618,81788.31612024001,519998.517947,39043.104683,3628.706401,127270.44056
2003-07-01,63379.2810378,62.079254,861.48808521,15850.389807,67854.79349167,2160.72914254,1616.053291,395270.8166819,127795.23918647,86789.47978042,524682.1091593701,41934.339465,4127.289834,119728.00346894
2003-08-01,65298.58096509,51.101199,1059.257081,12960.706823,70424.96310924,2480.819194,1610.334428,396030.115547,127827.704187,86976.84740623999,525468.1541619999,37360.226778,4551.572481,120739.675829
2003-09-01,66872.34274708999,67.437577,1460.325361,13925.247381,77342.65669224001,4686.621184,1502.232842,400131.287909,128830.402795,97482.28819524,530463.923546,41800.562936,5094.748853,127807.210047
2003-10-01,66965.55242708999,74.237516,1008.894907,14281.072302,72138.07153024,2996.851998,1627.786371,405421.826472,130650.186652,90499.12825324001,537699.7994949999,35387.907712,3538.97213,127295.097055
2003-11-01,68790.20404809,47.57342,1118.046098,16644.111182,75076.49139724001,3329.167213,1603.680686,411291.194127,132692.433841,96215.38931024,545587.3086539999,40223.268129,5057.767399,127520.169055
2003-12-01,75196.886589,28.730512,621.615468,14805.841783,76014.07956124001,2651.465101,1604.43303,419111.276188,136386.050962,94121.73242524,557101.76018,36182.87928,4982.749772,117464.202735
2004-01-01,74080.591816,49.021669,709.566598,12295.947765,77188.58931724001,2370.234489,1653.693025,424926.506175,138765.755141,92613.35983824001,565345.954341,37941.436312,7622.457285,119298.624531
2004-02-01,75198.778531,64.492462,582.418621,15437.501216,77025.94899824001,2684.057615,1776.22762,428348.360119,141278.699159,95794.41891224001,571403.286898,42544.422427,8891.731532,123777.712361
2004-03-01,74270.546224,102.676444,907.508786,15170.180339,76912.80348624001,2593.619042,1785.054237,434500.45647737,141430.83254648998,95686.78809724002,577716.34326086,42876.719639,6578.230407,126297.32865
2004-04-01,74851.86446,65.206715,788.723848,12040.396719,78297.18816724,2760.850183,1802.512804,438744.358595,143002.309564,93952.36563224,583549.180963,39945.226176,4910.277458,117621.641935
2004-05-01,75265.700998,56.68812,739.434019,12691.300152,81727.56516524001,3187.411415,1693.68131,441462.18782,145524.829244,98402.39887124,588680.698374,53773.277351,4998.908554,123095.511237
2004-06-01,75046.22397,79.749309,807.68693,12872.848921,79096.38603524001,3274.650232,1693.914626,445714.076112,150484.638399,96131.32142724001,597892.629137,45288.960369,3999.476951,126494.262997
2004-07-01,74623.592078,42.089114,1022.277463,12747.051138,79144.67915724001,3601.49254,1665.125116,452607.300538,157413.228736,96557.58941224002,611685.65439,46743.269753,6553.610439,122690.860975
2004-08-01,75203.39185,88.720825,824.91604,13650.852041,80395.05061824,3098.257591,1698.133456,459402.587328,157586.774939,98057.79711524,618687.495723,42410.932232,8080.099289,125876.019986
2004-09-01,75613.260663,57.683503,975.651805,15276.996272,84427.36355224,3488.248153,2017.105332,467122.351889,161345.135003,104225.94328523999,630484.592224,42063.751809,6565.319882,167060.966734
2004-10-01,77365.279311,67.210557,1041.170304,16478.419129,80491.78418224001,3272.269761,2167.956431,481090.295793,163154.05836,101350.85393324001,646412.3105840001,36316.40665,8233.565783,122730.634547
2004-11-01,79561.002166,80.40213,1296.399079,15195.118084,87857.708393,5133.024034,2319.013273,490302.158167,168355.757041,109562.65172,660976.928481,38527.214898,7663.324347,132363.422206
2004-12-01,77220.329328,228.831434,912.969664,17105.692219,88776.944578,3875.972172,2666.53492,499511.014799,179439.93075,110900.41006699999,681617.4804690001,33945.538827,7582.532723,116793.435913
2005-01-01,81325.69969,75.359458,765.267452,16139.766492,98461.081746,3975.128197,2663.448336,503228.273005,172273.243638,119416.603345,678164.964979,32180.327577,12106.03825,131345.304495
2005-02-01,83858.102486,82.532328,1264.586808,18528.034455,94608.952267,4166.154735,2722.361057,508749.716501,175058.617103,118650.260593,686530.694661,33884.153411,5375.838668,136854.164817
2005-03-01,83364.511809,79.610103,1037.362866,14864.438504,99815.517018,3833.245012,2818.310528,512999.953645,177826.839639,119630.173503,693645.103812,27675.792196,7477.725081,133923.756262
2005-04-01,82768.688194,52.186231,1539.713947,14055.309344,99985.777288,3267.251454,2618.602527,520848.886607,184818.284273,118900.238264,708285.773407,29799.52039,8137.475671,129227.142702
2005-05-01,83248.797364,89.568839,1498.397132,15153.693468,100502.79341,3119.241215,2723.354885,524235.80275,180912.716727,120363.694064,707871.8743619999,40492.258788,5257.621556,148694.405386
2005-06-01,87523.081877,212.144055,978.492383,14676.780999,103417.693888,3211.850305,3376.835263,530066.734609,184213.669545,122496.96162999999,717657.239417,38370.236466,7246.660932,140723.310189
2005-07-01,91373.148759,268.110873,951.796838,21601.723635,107452.281301,3492.130472,3560.716462,534527.462097,185965.718945,133766.04311899998,724053.897504,36369.014205,6223.85019,157778.427432
2005-08-01,99044.30395,214.432825,1269.010527,19820.003477,104094.947564,4118.754904,3568.256424,545227.302196,193464.806896,129517.149297,742260.365516,57662.875563,8087.222126,146789.029351
2005-09-01,101665.265385,161.805813,1236.586474,19826.464633,106146.891032,3371.597196,3521.137318,560195.118477,190184.934185,130743.34514800001,753901.18998,46612.237569,8766.271953,152621.118599
2005-10-01,104757.273334,224.1173,1021.274706,19601.902082,114442.9649,3740.410834,3455.772702,574850.165807,196919.110146,139030.66982200003,775225.048655,64709.894611,9240.577676,152278.898925
2005-11-01,107266.549867,283.94208,876.831039,20270.931756,116380.573184,3762.376073,3415.591161,586815.061162,200095.221289,141574.654132,790325.873612,63089.040873,10128.70526,152482.262901
2005-12-01,110928.207936,272.106285,1000.026335,23746.294156,116619.543838,3443.549709,3287.945576,592229.930396,204975.481178,145081.520323,800493.35715,60224.064958,11511.077565,147277.32772
2006-01-01,115157.109644,222.311414,1037.919235,20706.19251,118293.579242,3761.201175,3224.776736,604229.945638,211793.236762,144021.203576,819247.959136,60030.345295,14935.776444,146812.688725
2006-02-01,119185.743324,214.845692,1100.144378,20462.012744,115641.945497,4192.609814,3197.615851,617691.554778,212757.751716,141611.55812499998,833646.922345,60411.158585,10175.805982,150022.75495
2006-03-01,119820.887872,270.63311,1239.437005,22649.799456,113081.677989,3915.716136,3123.368205,628557.368228,215187.571009,141157.263696,846868.3074419999,67790.028781,10510.435587,163978.797054
2006-04-01,120117.758935,276.889895,1478.087009,24135.43897,119066.314218,3514.555978,3079.824164,640355.082706,216859.262562,148471.28606999997,860294.1694319999,70732.569792,9515.277479,159707.234827
2006-05-01,121266.156559,353.759049,1426.549016,23572.482452,116635.769726,3920.599019,3190.508329,642141.588219,218656.365207,145909.15926199997,863988.461755,67725.867963,10391.295341,172284.764353
2006-06-01,123048.8337,231.558812,1701.832399,22616.755158,120014.409997,4092.079784,2523.966068,649635.147096,213040.670488,148656.63615,865199.783652,73212.469913,15516.193465,152678.655248
2006-07-01,127944.937255,224.988881,1601.079464,25340.210804,117426.806561,3814.271542,2703.829484,658357.510994,210771.130868,148407.35725200002,871832.471346,66752.520662,13318.986194,152412.232843
2006-08-01,127190.619509,207.178338,1877.68949,24481.493884,117077.482893,4178.891813,2748.323703,667930.163843,203454.046558,147822.736418,874132.534104,73445.99382,16076.732115,154299.595363
2006-09-01,128271.550942,199.278446,2043.895782,24053.260573,114693.382266,3267.998372,2914.404649,679479.538304,210885.640491,144257.815439,893279.5834440001,85933.193276,20007.589707,155940.045993
2006-10-01,129568.875447,180.679845,2269.439895,26319.640248,120519.496043,4700.030743,2799.638346,706544.543089,217256.901808,153989.286774,926601.0832430001,86158.680969,16361.733252,156208.114118
2006-11-01,132377.245866,263.860162,1997.140233,26690.888595,117190.468052,4699.810668,2827.641669,725079.504136,222095.340285,150842.16770999998,950002.48609,89090.777574,23812.970703,159262.968337
2006-12-01,136834.459291,190.658897,2403.474869,30697.22015,124656.721934,3188.46862,2728.354079,733579.783602,223957.505537,161136.54447,960265.643218,104694.091457,22734.858611,174353.936048
2007-01-01,143181.982831,187.259564,2076.989607,23591.174647,123771.621863,3085.447587,2643.568916,741227.764453,227860.669482,152712.493268,971732.002851,95266.636571,24524.128627,181381.035715
2007-02-01,144350.221174,390.111109,2246.007831,24179.437316,125965.621247,2948.242236,2666.305003,753974.609447,236741.857374,155729.419739,993382.7718239999,95738.926948,29083.337485,181387.583447
2007-03-01,146263.509329,251.198712,3414.058475,22959.52851,124836.565836,2624.751214,2572.316216,765773.698143,247088.891527,154086.102747,1015434.905886,94842.336583,23437.072352,189491.472824
2007-04-01,146138.34271,351.737811,2579.29036,23865.263219,127463.159061,2963.940529,2606.184084,781865.505046,243039.459755,157223.39098000003,1027511.1488849999,92800.456296,23003.824555,191586.528133
2007-05-01,152742.469301,446.500841,1920.195955,27807.84672,130915.780384,2549.272587,2941.765613,783593.93532,252657.638105,163639.596487,1039193.3390380001,97934.258104,24953.832982,193417.064577
2007-06-01,157358.627105,271.898546,6160.034845,26319.842684,123009.698363,2834.977329,2863.164461,803611.611342,251387.931368,158596.451767,1057862.707171,88366.629252,21312.768726,197639.121636
2007-07-01,159287.383966,412.937481,2809.032881,27983.253794,119014.967515,3429.436039,2724.460079,812812.673616,262859.617714,153649.62771,1078396.751409,89730.330765,23094.859174,197770.914783
2007-08-01,160770.489953,234.904897,3230.966453,27827.458573,122102.610902,4076.886863,2563.562399,824109.399756,269745.473504,157472.827688,1096418.4356590002,86480.063652,17376.845935,193822.235528
2007-09-01,160601.65653,383.967933,2795.248287,33286.114005,116518.093115,4125.868369,3777.745961,837683.867242,276240.778919,157109.291709,1117702.392122,97032.439868,21909.241978,200990.0989
2007-10-01,161455.392021,276.696354,2976.432442,34101.727164,115425.623582,4422.841399,3835.983346,852355.870711,267338.336672,157203.32094099998,1123530.1907290001,88613.986413,14648.674797,206612.812959
2007-11-01,162963.737089,148.352222,2967.70051,35514.066585,117621.792856,4159.388365,4363.677799,875153.983981,264829.108608,160411.30053799998,1144346.7703880002,95160.313293,19467.501837,205446.265981
2007-12-01,168505.687192,230.891887,2777.985951,34398.877577,119406.603601,2945.606786,4346.76787,881150.372127,262104.459095,159759.965802,1147601.599092,87368.565513,14382.545496,213081.20168
2008-01-01,171552.462765,193.661279,2263.984202,31938.903276,116633.659534,3596.259836,4270.159838,886090.726553,254100.213458,154626.46812700003,1144461.099849,93130.554213,22004.154368,214544.240236
2008-02-01,174333.310662,310.709686,2419.743669,26050.119637,120068.5779,3438.865759,4087.84077,889162.658283,255845.376144,152288.016651,1149095.875197,86030.869631,15856.055673,206663.177815
2008-03-01,177895.802671,359.662222,2259.223257,21173.641074,134095.702203,3682.324784,4114.262654,902764.274471,252214.186733,161570.55354,1159092.723858,92118.540405,20137.183239,220769.941639
2008-04-01,176580.347777,598.539057,3873.114016,24986.709505,124932.135984,3723.535696,3337.799063,919417.941431,267949.647123,158114.034258,1190705.387617,100863.87227,18871.761572,219771.58918
2008-05-01,174482.18837,513.844262,1884.363042,28842.065937,121526.097863,3837.708612,3415.245299,919160.227036,266047.15715,156604.07971599998,1188622.629485,104220.979429,21895.97689,221777.343988
2008-06-01,177157.959142,245.453478,2415.179038,22610.650654,130075.208098,3541.919538,3280.930382,928309.437408,272132.295656,158888.410806,1203722.663446,95031.735535,22536.393059,233944.488265
2008-07-01,176391.366677,190.705059,1897.941596,23753.768801,124093.702781,6730.336679,3376.961067,951334.091053,269550.018924,156666.454916,1224261.0710439999,97817.864681,22587.525062,230460.617469
2008-08-01,178361.344806,299.536788,1812.075663,22641.610442,120725.923654,7001.526784,3177.034609,958120.671183,252233.339701,152480.673331,1213531.045493,105939.744182,27925.881506,237940.900202
2008-09-01,180070.943328,236.427691,1947.69969,19692.660051,124175.105988,5606.352959,3403.415151,973449.637685,258584.01387,151658.246379,1235437.066706,101493.749769,24103.355597,237415.59037
2008-10-01,182106.442345,314.50519,2118.821563,21995.414377,119280.490574,3847.918592,3644.017026,982588.398154,248073.96812,147557.150296,1234306.3833,109398.893444,20497.88181,242431.168849
2008-11-01,182181.127662,259.527212,2741.158128,20553.604504,116153.827938,6648.611258,4121.614867,991072.434254,243993.774906,146356.72903999998,1239187.824027,119570.160656,19337.115472,244239.141259
2008-12-01,183183.459794,362.133955,2706.001508,23296.782871,122284.615834,5037.056258,4087.030245,1004871.038715,247922.603252,153686.59042599998,1256880.672212,107053.669871,17888.565705,229246.939994
2009-01-01,183851.4,275.1,2997.8,19835.0,117920.90000000001,2921.7000000000003,4034.7,1022547.8,246155.50000000003,143950.50000000003,1272738.0,115295.5,25496.4,243281.7
2009-02-01,184455.5,361.2,2738.3,19884.0,114481.8,2981.1,3937.0,1038966.4000000001,245633.8,140446.4,1288537.2000000002,111742.7,20376.6,241057.8
2009-03-01,183518.1,626.5,1768.1,20784.3,117561.59999999999,2720.9,4046.4,1051823.0,249901.19999999998,143461.4,1305770.5999999999,105293.6,23226.4,239902.19999999998
2009-04-01,180541.6,1956.9,2319.2,20262.0,118108.79999999999,3159.1,4921.1,1072911.2000000002,264735.39999999997,145806.0,1342567.7000000002,101124.6,17776.7,246354.30000000002
2009-05-01,181027.521215,3189.930814,1742.129078,20589.912214,116258.548005,3289.0164480000003,5045.563495,1088529.849577,266515.77449000004,145069.536559,1360091.1875619998,104404.266728,18362.475649,245433.25474499998
2009-06-01,180334.97198177,3979.51794,1817.316525,19293.872763,117128.63054551999,3195.60331127,7618.338818,1112035.3338446496,272520.63587999,145414.94108478999,1392174.3085426395,91520.24820299,23023.05501265,257393.11363824
2009-07-01,181365.75523297,5186.134845,2233.726818,19781.030025,121791.80941664,3175.55934481,8179.097798999999,1134607.6542869401,275297.19834248995,152168.26044945,1418083.9504284302,91744.68125587,16778.70274714,252342.07896225998
2009-08-01,181308.11125068,6252.618301,2464.88632,19605.023215,127288.94524453,3134.35146355,8837.833371,1150044.76994903,276478.42846955,158745.82454408,1435361.03178958,87410.22869544,20759.9355436,257042.86181674
2009-09-01,183346.65826192,7710.866658,2507.024842,14368.66518,133022.93382177,3215.50103787,8716.42702,1168064.65782755,288198.39977613,160824.99153964003,1464979.4846236801,93276.453928,16389.9765286,259040.68741433
2009-10-01,186503.9,576.6,2745.4,20989.8,129718.6,4733.7,7490.9,1166803.3,307687.5,158764.1,1481981.7,89444.2,16057.3,265506.8
2009-11-01,186852.10774984,630.52422,2679.42679,19358.161486,144409.26593577,4000.01414561,6941.19899,1183472.7265858802,285361.40513302,171077.39257738003,1475775.3307089,87838.0978606,15923.2816026,267584.81434151
2009-12-01,191016.56588506,902.011247,4221.849538,20396.101354,154848.67629953998,3914.48667468,7062.669431,1200044.9814422198,281495.06567857,184283.12511321998,1488602.7165517898,88998.142046,14331.30792605,263124.03901312
2010-01-01,192885.68786593,3581.854642,4237.929101,17890.17272,155062.56844049,3902.6344019099997,7240.209327,1211988.66091805,266455.6908561,184675.1593054,1485684.56110115,85249.506609,18069.93116291,264659.50472860003
2010-02-01,194784.32384664,678.444418,3807.93456,16450.97947,149296.64255346,3927.76026665,6981.8833030000005,1224490.9554961799,267774.68468896,174161.76126811,1499247.5234881397,89132.956977,14887.34743891,260354.60191163
2010-03-01,200133.80968513,464.482151,5294.541299,16133.094341,161497.99732770002,4274.02309335,6549.9437769999995,1238212.2791995702,266451.20686255,187664.13821205002,1511213.4298391202,91295.017197,23293.96081891,266623.54588414996
2010-04-01,198830.72355508,665.15171,4848.809972,16869.700623,156046.45215234,4947.5566696900005,6516.436841,1251389.9090875897,279945.87051781,183377.67112703001,1537852.2164463997,89576.37412,21491.260893,259662.08152637
2010-05-01,201728.9592087,648.122096,6768.54311,17297.809423,159437.16317852002,4691.8261102199995,6581.824522,1267713.09330586,276344.41068564,188843.46391774,1550639.3285135,88036.788985,23597.895272,267131.93310755
2010-06-01,223709.22250317,1217.305154,3198.081553,16983.73058,157174.5618439,4466.69486948,6571.512247,1289492.5904084498,278773.41906169,183040.37400038002,1574837.5217171395,96654.39050395999,12014.720344,257794.04390715
2010-07-01,226353.52013139,180.735207,4481.951119,20029.236185,154976.50692274,4678.69247799,6775.814579,1299790.9530467798,296186.65716316,184347.12191173,1602753.4247889398,96899.60584496001,10898.60121306,261467.99170777
2010-08-01,228024.50042396,581.186495,7182.941067,18737.711755,161247.86805034,3276.37969617,6991.936532,1317941.12814779,287210.27096319996,191026.08706351003,1612143.33564299,108259.01817796,12035.577796,260500.54736030998
2010-09-01,229434.22460718,68.006676,6912.115456,19581.247686,172046.24606272,3813.72218906,8286.012676,1345154.84450304,288959.07494416,202421.33806978,1642399.9321231998,109229.87571596,12239.372547,272701.3143671
2010-10-01,230207.661671,153.651599,7195.648584,26536.04636,173409.89796811,3486.9580205700004,10380.502044,1362198.0914439799,293929.28194503,210782.20253167997,1666507.8754330098,105513.60184196,12208.52368121,269228.84169756004
2010-11-01,232291.09255929003,157.294611,7280.150587,25147.621259,177243.93749707998,3881.42181273,11980.680905,1382913.5566361002,290825.63686595,213710.42576681,1685719.8744070502,99324.73153596,12380.89737,270054.28096109
2010-12-01,237814.23119133,45.739044,6874.371868,34606.59885,190637.45708431,3816.69782345,14851.427102000001,1405808.1163388798,298336.61211756995,235980.86466976002,1718996.1555584497,99473.40473496,13351.333157,261120.73504976003
2011-01-01,245173.50629876,37.947368,7110.559663,25357.736777,195764.80366677,3882.8191062899996,14962.810656,1424235.66764643,291167.21095681,232153.86658106,1730365.68925924,99521.29784695999,19279.76800713,274219.14399710996
2011-02-01,248459.21256513003,63.03769,8355.167416,24910.481073,195777.22266523,4580.269515,15601.292585,1447979.81452071,296279.90252328996,233686.17835923,1759861.0096289997,99986.14603496,15750.054064,284708.65261825
2011-03-01,248060.92682939,86.204744,5570.361192,23407.832498,190967.07068627,5745.51879784,15698.134379,1480661.23961112,298216.73795155,225776.98791810998,1794576.1119416698,106190.32438496001,21492.52194,282870.21862907
2011-04-01,250786.76648054,42.669944,4460.392941,25068.731904,197852.90369996,5920.23437907,15934.423951,1512223.7436796702,299435.64999646996,233344.93286803,1827593.81762714,105095.03686195999,18206.952479,277657.68735541
2011-05-01,254520.42559139,101.569195,8039.377822,25917.942853,203116.9273743,4863.52064432,16974.181365,1533838.36858723,300289.44704026,242039.33788861998,1851101.9969924903,106550.75423096001,20337.282736,280566.54548429
2011-06-01,262761.84390105,561.585771,9746.425157,23288.305879,199795.1005793,4755.88013603,18745.129499000002,1571500.9314014702,300430.56123534,238147.29752233,1890676.6221358103,111418.95165796,19883.94154114,283272.7915865
2011-07-01,266093.08666862,286.452194,7594.468017,28671.19091,203995.95925739,4448.72077091,18816.570427,1592979.6856893497,308365.27524883003,244996.7911493,1920161.5313651797,120171.06516796,20535.76303152,285940.47664303996
2011-08-01,285017.92616675,81.512198,6749.640373,29276.139239,202422.60342799,4663.6398733099995,18873.710775,1622942.70120477,305184.75061615004,243193.53511129998,1947001.16259592,121188.84520694001,20814.006493,292021.06159431
2011-09-01,290404.11606782,132.154074,6170.064526,29562.168671,202419.44092440003,4379.31189934,20584.058482,1655761.5341746302,310482.01885275997,242663.14009474003,1986827.6115093902,126303.55852448,21830.832655,317455.7116154
2011-10-01,293116.21529602,46.444105,6018.389885,29852.015006,202785.95432461,4461.43614056,21285.572056,1682546.7329179898,315244.25834689994,243164.23946117001,2019076.5633208896,129496.42565449,23910.771773,313519.67994229
2011-11-01,296553.65453627,50.412459,5664.137388,30012.676973,194869.43359372,4675.402125590001,20363.204340999997,1715040.82142517,322747.9186315,235272.06253931002,2058151.9443976698,133723.45502042,25826.67721,323200.72997213
2011-12-01,313333.94735729,3488.9435,6367.22158412,33690.905612,195834.54940591,4069.0016652100003,30839.874041,1753895.6395587302,332998.29225832,243450.62176724,2117733.80585805,147274.85873742,19742.455763,316141.20617409
2012-01-01,315213.04012427,46.403233,9301.08157,28710.553714,198254.32704355,4521.96689321,24707.230912,1785305.83329346,336786.11238205,240834.33245376,2146799.17658751,137951.23851296,35290.594346,333072.43601148
2012-02-01,322063.70497399004,81.253808,4175.370623,26700.021533,199109.26804829002,4581.19251321,39103.807091999995,1833881.76781007,360955.842447,234647.1065255,2233941.41734907,142456.76085696,35410.284671,340771.90807686
2012-03-01,327281.16870128,66.974433,6696.617319,23099.189098,195670.80824785001,4780.64337497,24463.062786000002,1872550.1188105096,368717.66183565,230314.23247282003,2265730.8434321596,149269.36900096,69778.97926,359759.41076794
2012-04-01,330739.77932905,44.220532,10134.840689,23756.552691,199263.04181667,5144.60148428,40381.065159,1909286.9461206899,377969.5338999,238343.25721295,2327637.5451795897,144941.14129996,64269.846564,371826.80672742
2012-05-01,335718.01507395,67.159513,8656.376951,24562.887089,195636.79873452,4688.7186783199995,26076.062823,1916496.8698591401,378775.37869518006,233611.94096584,2321348.31137732,141336.40116296,67917.755847,369178.316462
2012-06-01,341208.63211738,52.425449,7101.765818,24700.866789,190459.64381528998,4684.12854512,28907.425935,1948563.0018642598,386225.62229354,226998.83041641,2363696.0500927996,150475.207294,78266.254494,361407.06842587003
2012-07-01,347390.83485268,56.125408,5246.277524,25590.836552,194728.60705561,5199.09360485,27141.927493,1972369.2456286896,382875.01854934,230820.94014445998,2382386.1916710297,131576.146305,74648.564983,368711.48002656
2012-08-01,352614.17005992,78.955586,11499.982588,24181.581744,191125.44870262998,5249.517385409999,26174.836155,2000412.2146570098,389148.1449179,232135.48600603998,2415735.1957299095,132759.866816,72188.979976,358948.89431239
2012-09-01,358445.39423196,68.505044,15215.407256,23746.735226,193062.83072609,5825.19841129,27952.637325,2015256.2614120897,390039.66862966,237918.67666338,2433248.5673667495,136836.7554939999,74088.660675,360670.92661863996
2012-10-01,364354.13000452,81.747717,15503.875644,25890.024452,186453.90940656,5171.07890473,33712.11669,2037877.76768373,396466.22551497,233100.63612429003,2468056.1098887,132859.511646,81617.858848,360426.44944644
2012-11-01,368049.99637656,58.219875,12779.961283,27651.116357,188626.97080635,5923.11877465,28086.17877,2099824.9702351103,363448.57717959,235039.387096,2491359.7261847006,153947.951142,79502.146249,365847.22086464
2012-12-01,375919.96378296,76.217861,14788.530949,25398.269741,198496.37636562,4975.78864083,54400.880961999996,2143136.0478909397,356947.86398654,243735.18355745,2554484.79283948,142491.589054,75460.24306,365278.15825704
2013-01-01,374516.274077,36.565318,31968.217446,24244.719862,198762.44301500003,5887.4979029999995,27312.868784000002,2186793.8803230003,357752.42389,260899.44354400004,2571859.1729970006,144728.933982,74357.307064,444594.04692138
2013-02-01,379360.401629,48.240104,10813.1342279,25259.579227,202107.7481534,5425.8372227,27892.988987,2240827.4473876003,357662.5511224,243654.53893500002,2626382.9874970005,139394.786896,74703.0286715,390570.5099835
2013-03-01,384459.030622,51.161058,11345.3593984,24542.903927,202854.6456396,5548.453006,28701.044047,2284029.4663513997,356934.1793571,244342.523029,2669664.6897554994,138375.7603289999,98053.05017,400367.5033815
2013-04-01,397738.706371,78.904532,8781.33577,24697.729368,205271.10647600002,5871.498806,29609.366581000002,2335252.810801,368116.652203,244700.574952,2732978.829585,129460.1772,77665.447975,409755.66069399996
2013-05-01,400472.500482,48.172216,6920.694571,24280.833849,198022.77382700003,5354.494879,29486.467121,2356809.0481040003,366477.10452299996,234626.96934200003,2752772.619748,131788.49427700002,88179.562449,379458.485378
2013-06-01,407008.206568,49.083751,7864.014339,23800.083552,197953.590434,5711.909353,27395.392605,2399792.435141,362723.93467499997,235378.68142900002,2789911.7624210003,130300.024091,93525.878796,380617.749769
2013-07-01,418067.424412,106.737431,9745.638103,21661.037061,199649.63438,5463.165688,26744.330800999996,2430856.8475120002,367096.706976,236626.212663,2824697.8852890003,113181.497057,100617.640794,375616.19273400004
2013-08-01,423326.883928,147.340129,11983.26997,22220.147292,200009.748743,7118.6108509999995,26664.587923,2430397.3829870005,375993.695765,241479.116985,2833055.6666750005,115960.960668,99131.45464,379071.639363
2013-09-01,427719.726659,73.010037,12587.822329,22661.134835,210512.850334,8960.080861,26111.557727,2477369.571379,373470.339638,254794.89839599998,2876951.468744,106659.94113300001,105020.052341,392287.69383799995
2013-10-01,430762.657682,123.821284,15679.663092,23402.705425,230809.474029,5752.389467,23831.038876,2521113.636355,371035.716876,275768.05329699995,2915980.392107,110255.455175,108402.432142,379490.499271
2013-11-01,435825.524851,114.036879,19398.421952,23142.936668,202041.44715,6752.676594,26621.430303,2543369.3688379996,373083.852354,251449.519243,2943074.6514949994,119895.41755499999,97935.53599,384897.493968
2013-12-01,444945.343588,540.365555,21780.427785,24753.805259,219966.114636,5712.749784,26421.690363,2574214.821804,379757.426643,272753.463019,2980393.93881,127460.457776,111980.776028,390732.42699
2014-01-01,443626.900591,126.370019,7603.323375,23852.43028,221511.17748,5544.81475,35272.775702,2613686.763875,380501.186544,258638.115904,3029460.7261210005,117770.705935,100364.269278,398840.771601
2014-02-01,444730.792134,58.691952,10746.005602,24327.774777,222270.667945,5827.735865,37175.612973,2628601.754018,386257.343039,263230.876141,3052034.7100299997,117043.418962,102453.745174,414428.508111
2014-03-01,447291.261154,110.07252,16041.511501,23804.542328,229720.831821,5525.919038,34206.476313,2654400.196562,387353.017916,275202.877208,3075959.690791,121005.27013,84752.721075,414265.088649
2014-04-01,457829.863843,90.405491,8149.635381,24388.143276,233504.195066,13127.901624,33268.70578,2667722.888126,391128.573603,279260.28083799995,3092120.167509,114174.651939,100165.073553,405292.291986
2014-05-01,462238.269089,130.898971,11523.669617,24244.708366,227501.939763,11964.599229,27948.684014,2674841.744024,391981.624671,275365.815946,3094772.052709,120242.553945,114026.024094,400316.069805
2014-06-01,468807.054143,60.024715,12919.139028,24547.490821,244116.01789,7872.241163,29371.343665,2695094.01706,391798.063889,289514.913617,3116263.424614,120305.818775,118319.293784,402276.28194
2014-07-01,476038.335891,172.969945,12790.174592,26496.675841,236049.915049,6342.727539,29324.346506,2708381.339847,389124.882639,281852.46296599996,3126830.568992,114853.550585,120128.701962,418925.706761
2014-08-01,481072.622991,112.157866,9862.260321,28006.420803,246280.4696,8599.90976,30644.80079,2719168.016726,392377.150868,292861.21835000004,3142189.9683839995,120753.859004,147279.966172,386955.304017
2014-09-01,499794.753717,110.420752,12520.560193,27918.6008,248909.296969,10036.335561,30454.894104,2776789.785063,401084.208062,299495.214275,3208328.887229,135930.929288,146387.781911,400334.491751
2014-10-01,506092.225652,209.794954,15378.162734,30358.665428,248993.382839,8716.94429,31127.620812,2804785.461615,398420.460498,303656.950245,3234333.5429249997,129186.516151,146289.892503,390939.029252
2014-11-01,508790.571647,158.908257,16525.228315,31721.340408,259525.026164,7039.778806,30876.89492,2830286.221282,407734.408868,314970.28195000003,3268897.52507,130755.396854,144090.691719,395465.975039
2014-12-01,528661.200575,112.123091,11517.006342,34440.774079,282721.579662,10666.997073,30513.405896,2848402.443106,422601.203546,339458.480247,3301517.052548,145315.092228,138442.738646,402545.44967
2015-01-01,534656.035181,98.934925,13193.537803,30240.485016,270273.375211,7051.533647,22280.072551,2870360.5608,431886.439195,320857.86660199997,3324527.072546,140550.2414,144530.524306,408739.905529
2015-02-01,537814.888251,118.937463,12327.06004,30283.518582,261623.305811,6878.355073,22567.65769,2895880.255048,441253.65368,311231.176969,3359701.5664179996,131316.56918,135167.064856,411931.895528
2015-03-01,537277.473309,171.82757,13559.136198,29065.055462,285654.526787,6535.022143,22397.49517,2920303.718061,444791.440286,334985.56815999997,3387492.6535170004,134964.907626,131182.507655,416404.37677
2015-04-01,544571.701236,142.037522,13584.8353,31906.814798,282626.620234,6927.09351,21874.041802,2963107.101767,451430.370871,335187.40136399993,3436411.5144399996,138629.858465,126540.140007,401064.951797
2015-05-01,550040.132577,237.43463,13770.145301,29950.162293,284722.18342,7340.740593,22540.009522,3010466.603968,459570.66747,336020.666237,3492577.28096,137532.2788,143896.706112,399450.855206
2015-06-01,555034.687771,132.440633,10279.154153,27997.693388,286225.712755,6842.263651,22402.143829,3048076.848641,470568.295626,331477.26457999996,3541047.2880960004,135640.668646,141778.318977,402140.986527
2015-07-01,559080.770364,149.777617,12774.430961,29461.025501,282360.714655,7063.443123,21783.100345,3090179.70241,473960.528975,331809.391857,3585923.33173,129520.619559,150541.442165,403931.368398
2015-08-01,564269.889981,119.86509,15248.523701,28359.730726,288107.668432,11259.185222,22706.125185,3133877.494735,482354.214776,343094.97317099996,3638937.834696,129637.561985,123121.853596,408882.20681
2015-09-01,574138.495579,182.329462,8050.41462,27096.03181,299597.670088,8175.075372,22275.765945,3161358.067132,502340.957196,343101.521352,3685974.790273,141248.279805,140689.904346,411413.38368
2015-11-01,601937.997812,191.732448,11954.388042,37021.16348,305326.967215,8765.764182,25385.654273,3276298.79245,519514.525525,363260.015367,3821198.972248,185789.651254,180102.772449,441931.617263
2015-12-01,608898.188804,856.705236,8682.624582,44182.403229,326926.092438,8645.193502,29149.971084,3342224.174625,529750.248105,389293.01898700005,3901124.3938140003,182212.489289,195717.287732,421276.669479
2016-01-01,613522.617372,195.004766,10238.902957,38112.82378,309761.406668,11906.084057,27555.365572,3410560.707838,554003.97171,370214.222228,3992120.04512,179474.746826,198595.150789,408108.610789
2016-02-01,614177.097495,212.663055,11342.53865,34581.756978,317795.678994,9419.960877,28099.508611,3457874.130761,563185.058352,373352.598554,4049158.697724,183066.849911,196603.068377,421365.905014
2016-03-01,632324.525305,153.546261,8688.730216,34427.002277,323929.339348,9132.824732,30067.202737,3476793.027606,576207.041711,376331.442834,4083067.272054,204758.141005,197574.409021,434776.148685
2016-04-01,634205.200811,189.365175,10094.53116,34403.68693,317112.017318,9047.867788,29436.743789,3526512.919567,577468.215709,370847.468371,4133417.879065,185629.063051,210359.754743,441865.408158
2016-05-01,638441.918695,134.635362,13705.986064,31784.476691,311402.829403,8762.711785,29591.017427,3539255.152521,585180.1656,365790.639305,4154026.335548,190458.957036,203313.068647,450129.159144
2016-06-01,649778.193178,252.035584,8212.250125,31934.082228,312835.171748,8033.236651,20147.573421,3604860.594993,571853.619311,361266.776336,4196861.787725,177712.574841,204925.689951,455196.254505
2016-07-01,662705.263129,221.497155,9908.076824,32022.04222,310344.390936,7638.763793,19624.932864,3678122.028119,576603.332597,360134.770928,4274350.29358,200310.677634,193878.756698,448114.015724
2016-08-01,668359.655344,140.05926,7139.703748,30320.205376,311575.79887,7257.647293,22342.825777,3720655.738795,578436.471176,356433.414547,4321435.035748,194377.606935,186326.337519,462437.762835
2016-09-01,672457.871991,186.438007,8590.739204,33209.968502,321628.793313,7436.985692,23715.177745,3822617.066977,576162.150237,371052.924718,4422494.394959,199569.841047,185978.812329,460368.533116
2016-10-01,685316.45110375,189.134273,11371.055829,32798.827516,320231.980385,6717.92316,21911.845956,3889138.88334,579756.765668,371308.921163,4490807.494964,179534.152633,198316.220043,470397.351304
2016-11-01,697428.103588,163.893834,11412.632432,37310.374509,315240.536182,6690.932916,21132.782836,3963031.649381,587561.301708,370818.369873,4571725.733925,192159.418551,197673.255467,463895.116785
2016-12-01,716962.863348,161.366758,8761.440718,41661.257098,347005.048028,7563.243289,16418.933059,4046934.617316,609583.674577,405152.355891,4672937.224952,206130.608938,212373.567977,469024.870114
2017-01-01,711352.468915,158.454997,8828.685289,37078.634564,334105.144374,8209.260616,30196.67926,4123159.722798,592234.195199,388380.17984,4745590.597257,200811.124885,211224.95804,497445.8192
2017-02-01,713904.792069,171.947376,9745.793792,33869.386599,329368.333354,8579.799988,28981.31864,4206718.019326,597422.818397,381735.261109,4833122.156362999,208518.978029,209910.419013,519725.017514
2017-03-01,725701.522006,108.989182,10242.352319,32356.179715,338091.893847,10575.503792,28416.401033,4314178.407827,600747.747564,391374.91885500005,4943342.556424,206070.748295,191622.049457,517962.529896
2017-04-01,736489.476263,176.177731,9741.46298,31195.863454,330710.946662,9393.96036,26295.931673,4381608.32763971,607454.26889561,381218.411187,5015358.52820832,210675.349308,192749.057016,519554.063949
2017-05-01,746145.837294,175.257358,9864.215374,34415.5119,322228.048322,11138.565086,30793.477,4472599.967869,605977.53979,377821.59804,5109370.984658999,214982.421685,185474.077457,521209.552635
2017-06-01,766006.962391,113.888781,12604.798446,33804.791447,327752.319342,8934.76681,29347.273477,4527526.600489,619323.951076,383210.564826,5176197.825042,220997.469462,173201.836331,529233.122168
2017-07-01,784653.769168,188.294192,10455.020274,35437.173455,337588.125898,9211.858394,28413.379872,4598574.974283,641556.307476,392880.472213,5268544.661631,222985.112893,153506.401962,542693.918929
2017-08-01,807674.32378785,249.859717,11854.060655,37553.291025,317571.776887,9485.338725,30368.24926,4663899.097828,644839.855598,376714.327009,5339107.202686,203657.130231,158349.227951,550148.23933
2017-09-01,812442.850825,164.20855,10841.993651,32951.94137,320447.685875,10382.66743,29805.487973,4748531.071376,639038.976547,374788.496876,5417375.5358959995,232892.973071,156594.030105,565080.644419
2017-10-01,820875.325022,267.078667,9733.377701,36015.672832,319498.957636,10309.865506,27943.061264,4789316.564742,642635.99196,375824.952342,5459895.617966,237155.803447,151081.998742,551512.317136
2017-11-01,838622.885639,199.671122,11785.240261,36644.254874,321153.087643,12297.123642,29043.655747,4798656.849201,657970.292119,382079.37754200003,5485670.7970670005,237023.466896,158295.104643,563491.378175
2017-12-01,850930.674638,477.967024,15715.128919,46842.981835,353875.854449,8910.027638,27972.985512,4872014.04146,666883.529912,425821.959865,5566870.556884,254942.472195,162385.30609,563888.244795
2018-01-01,859464.102178,376.206669,16845.276441,39407.995355,342404.070952,10033.616411,30309.51517,4965598.043118,653345.086074,409067.165828,5649252.644362,241465.491095,164156.569613,585861.831719
2018-02-01,863504.288834,315.590215,16020.686937,35561.944185,331457.355239,9682.566579,30427.54377,5055850.816881,642175.41062,393038.143155,5728453.771271001,254922.682395,158843.034894,607518.678012
2018-03-01,874834.71146,383.776142,18479.367405,35679.034673,377309.791557,10307.329396,29258.645563,5154308.729072,648461.539601,442159.29917300004,5832028.914236,252021.644741,173566.71317,619716.947165
2018-04-01,898398.221113,404.875769,17942.64934,37126.917432,350309.040254,9821.947236,34598.474343,5231163.115743,654256.441396,415605.43003099994,5920018.031482,235452.312399,166966.499952,614385.059535
2018-05-01,905111.245876,814.320457,17482.899851,37068.51023,342426.966488,9132.33868,39159.993988,5256757.992742,648390.065747,406925.035706,5944308.052477,259513.257956,164680.737083,621872.229852
2018-06-01,911660.907527,612.306366,19632.406933,34835.706493,347791.005358,9511.525337,61861.961436,5316336.625939,652854.676455,412382.95048700005,6031053.263830001,248075.021064,159916.894546,623904.559153
2018-07-01,929698.212707,664.917482,16661.15398,36276.078875,338658.430929,32799.35464,69978.37841,5368995.505306,672659.958,425059.935906,6111633.841716,252682.256368,172232.912644,628893.845091
2018-08-01,940244.15827324,405.564113,17600.585232,35365.510916,329647.560867,33554.319973,69038.456249,5452164.836272,669814.47893,416573.541101,6191017.771451,253770.661244,161778.136719,631426.41863
2018-09-01,951843.243473,1303.631416,17023.332055,33923.180929,347819.208665,34015.042343,67611.592186,5475462.84090086,702154.092801,434084.395408,6245228.52588786,278895.583725,177997.29595934,662217.708674
2018-10-01,978121.583849,609.799651,18329.396354,36129.474308,335275.914863,35278.706692,69405.450445,5543310.690176,714260.494041,425623.29186799994,6326976.634662,247340.260891,159420.608744,692110.327921
2018-11-01,985332.971292,799.07063,17368.304045,37766.393247,337346.65144,34565.752505,78211.740862,5566497.135477,744280.698397,427846.17186699994,6388989.574736,257438.37081,161947.991879,693515.230822
2018-12-01,1002593.653971,635.244015,21861.460306,45295.47518,357679.509117,36075.269109,75433.189548,5596536.32816251,760696.094588,461546.957727,6432665.61229851,268771.406029,173813.216139,706273.53905
2019-01-01,1010022.67333,689.368083,16568.894766,38902.025981,342150.535461,9094.49236,90173.588405,5618644.475231,767231.245819,407405.316651,6476049.309455,273001.094153,169823.449734,718751.598653
2019-02-01,1012774.02851,498.975404,17376.908694,37971.329407,340176.47336,10722.248819,86418.053117,5664414.41172708,776470.79539,406745.935684,6527303.260234079,282145.60957,175355.459289,726795.5876465
2019-03-01,1016288.062859,506.895595,12728.426701,34083.269394,357463.28867365,9448.050685,80518.227079,5696473.83050933,765706.000153,414229.93104865006,6542698.057741331,283179.110963,182022.642177,748852.869807
2019-04-01,1024129.626793,478.398407,16601.454147,36197.372583,364471.098463,9868.753335,76506.662525,5757201.934885,768998.720837,427617.076935,6602707.318247,290722.843523,165327.104403,722566.018471
2019-05-01,1038448.617723,376.087151,17247.338116,33541.130095,349787.580259,11995.462538,75512.208412,5819171.413944,738713.241414,412947.59815900004,6633396.863770001,289359.125086,165200.297755,714073.281184
2019-06-01,1058815.06514712,426.45694,16693.663252,33055.086022,348572.67392241996,12919.790125,79251.30022600004,5857906.06026751,738375.348453,411667.67026141996,6675532.70894651,298945.40977386,169719.380623,741902.456201
2019-07-01,1069293.026521,907.093867,12507.847682,33308.637285,344661.579503,9484.187999,70903.412602,5898697.814926,729069.631608,400869.346336,6698670.859136,311550.824802,204842.783848,754614.940818
2019-08-01,1076041.313038,436.620414,16611.020664,32582.835739,347880.216434,10136.997334,72083.961168,5915614.816687,732012.234089,407647.69058500003,6719711.011944,302935.571853,204199.951597,750589.445487
2019-09-01,1093591.99797717,387.890153,15572.45738,33253.403972,376163.227623,10050.444966,71865.607375,5918192.81401149,744481.246208,435427.42409399996,6734539.66759449,287768.56038,187081.62272343927,777481.598838
2019-10-01,1099651.233456,244.661681,17893.214587,35207.125191,343987.386533,9208.667617,71592.50196,5933128.53447893,773891.268797,406541.055609,6778612.30523593,292703.740888,174823.957558,774476.653538
2019-11-01,1115786.785336,251.975154,17470.090851,35294.563162,341820.852051,9361.87309,83557.542047,5972746.389035299,775789.214608,404199.354308,6832093.145690299,295209.020963,186097.636441,791480.236694
2019-12-01,1126850.208558,495.370379,16544.388903,43876.439713,371203.445849,10286.989917,71845.568523,6047242.921096,782939.213414,442406.634761,6902027.703033,294479.379875,187305.227155,788029.792827
2020-01-01,1146560.427019,490.191377,16181.443019,37910.565942,367213.375931,9968.083663,63456.909954,6142033.838997,784423.095144,431763.65993200004,6989913.844095,308335.473941,177972.756762,790871.173192
2020-02-01,1148648.53373,2013.239337,16189.985829,33583.397742,361333.973393,9647.73094,64311.058888,6215412.052955,791823.918573,422768.327241,7071547.030416001,324991.488911,222664.490959,816949.836656
2020-03-01,1158259.843694,3319.249649,14572.568676,35944.40553,396678.808284,10932.675888,63011.84971,6371191.813912029,823324.129815,461447.708027,7257527.793437029,316603.910445,240287.100655,820783.674246
2020-04-01,1168999.822312,2261.313528,14511.017889,34561.891208,394426.666009,11610.192402,55324.672213,6473595.4623864,838354.889603,457371.081036,7367275.024202401,351589.89193599997,234382.49344,823706.442354
2020-05-01,1170771.818129,2498.37873,13144.328085,32788.349138,393312.42235,12946.936344,52636.293033,6532035.926080471,813784.1139696,454690.41464699997,7398456.333083071,331781.432488,196849.91323,841701.290487
2020-06-01,1182623.524932,3332.446532,13032.524355,33135.344807,422254.50783,11247.487331,57872.942112,6602276.498327141,818212.987649,483002.310855,7478362.428088141,318367.415763,190728.778505,862672.618071
2020-07-01,1213703.072802,5375.887856,15486.409057,32210.704156,432091.250678,11384.376484,65240.507683,6693182.948130485,838739.854764,496548.628231,7597163.310577484,370794.361395,198952.882932,815569.678404
2020-08-01,1224856.817793,4318.332774,18745.335667,39852.99032,462353.416734,11800.453141,68921.822782,6799974.530438,885143.964991,537070.528636,7754040.318211,397859.300628,198080.11142,813071.762937
2020-09-01,1234530.94788,5028.417794,13545.732014,35092.893765,459381.722085,14587.0914,63839.186077,6969706.18960741,899892.930635,527635.857058,7933438.306319409,414134.322209,175323.854202,832272.890282
2020-10-01,1242313.496528,2179.11821,13599.530863,37647.388636,470844.343574,13337.165607,65456.483075,7080726.6881154105,909532.168329,537607.54689,8055715.339519411,446154.295013,190579.234427,831605.022473
2020-11-01,1251233.409355,3473.705342,12509.441787,38071.398254,476908.465975,13239.901273,67728.911427,7169633.31757241,934307.661688,544202.912631,8171669.89068741,452696.044407,202599.728056,856236.934188
2020-12-01,1258772.901775,2027.9047190000001,19735.920257,50645.182453,536109.6497607001,15497.906278,69628.495335,7318638.24929573,961001.045942,624016.5634677,8349267.79057273,455176.690562,197971.911578,840232.170957
2021-01-01,1292501.159189,1796.473936,14385.295008,29753.366861,537157.72649,13776.858308,82479.672283,7416884.88520496,1001773.545787,596869.720603,8501138.10327496,464983.711517,198633.530748,863190.474014
2021-02-01,1298563.423268,3356.214405,14447.35053,30899.535673,540844.012864,14801.015855,83609.117173,7506253.920996,1038688.098561,604348.129327,8628551.13673,478455.438581,193996.906229,862899.522951
2021-03-01,1294492.146607,2806.267411,13886.877823,31024.220939,559931.525922,16060.14694172262,85477.95128,7627769.886730609,1054961.35930841,623709.0390367225,8768209.19731902,477153.05867465003,189651.17629496,888006.9407662153
2021-04-01,1313023.016546,2726.218053,14626.902925,28102.247677,559984.568475,16491.76971184,85663.869385,7700444.82801182,1097985.55729444,621931.70684184,8884094.25469126,485949.246183,177590.368012,853232.93902463
2021-05-01,1331345.0053768023,2725.228521,13762.053101,28137.159109,554487.582058,14187.257017549999,80334.280656,7770221.243247,1105943.260329,613299.27980655,8956498.784232,491903.14791287,184545.67577548002,870170.7086594286
2021-06-01,1343850.78673868,2622.917597,16405.637659,30315.406552,581430.740365,14573.186099,90177.289279,7842889.526484,1141062.74381,645347.888272,9074129.559572998,506946.747243,182608.303043,899020.986181
2021-07-01,1365024.468449,2744.253973,20785.320717,31554.316013,594005.298664,17146.54615599,91390.820005,7952621.768095,1151271.631498,666235.73552299,9195284.219597999,535780.35935632,181459.2633,877220.03477563
2021-08-01,1383226.843521,2875.065869,21455.673113,29494.282345,604971.813218,19180.816008,93646.092995,8057204.138181583,1215155.9550316636,677977.650553,9366006.186208246,544177.43849,182147.107638,902464.62645999
2021-09-01,1404783.418609,2571.741427,23356.564417,32176.902938,556705.396019,23348.91713,98128.313679,8130238.631469,1152602.268193,638159.5219309999,9380969.213341001,496947.868057,184196.569001,917859.009022
2021-10-01,1411993.478358,2587.881968,23065.411488,37699.559576,618401.218296,18265.823234,102082.208038,8163279.023694,1167703.925688,700019.8945620001,9433065.15742,520017.001039,176945.931525,931948.86836449
2021-11-01,1430139.614225,2957.221411,22940.911997,36913.243269,620079.626504,19112.472983,105731.559454,8155538.161398,1159325.137123,702003.476164,9420594.857975,542306.277806,171433.591826,953610.382201
2021-12-01,1452953.476416,2060.446688,22339.30066,47706.27956,675440.353516,24169.638204,122396.712555,8179009.893884,1163757.208463,771716.0186279999,9465163.814902,550927.499669,159540.07487,927128.81073763
2022-01-01,1562363.560162,2241.964339,33705.943824,39747.378021,729719.039118,22137.149294,124746.135437,8150615.896756,1175872.749337,827551.4745959999,9451234.78153,519081.386571,181681.073904,960061.325679
2022-02-01,1526570.705081,2124.194944,22106.055918,35605.137494,724630.74161599,20997.552873,123302.677557,8228722.69149871,1186461.358783,805463.6828449899,9538486.72783871,456266.581824,216989.490326,1030750.536714
2022-03-01,1529163.650458,1685.662872,25127.312352,31527.418802,772061.182378,34548.115319,129234.102761,8483778.41418396,1727637.285046,864949.691723,10340649.80199096,485329.319474,359187.084525,1169278.408847
2022-04-01,1604069.201724,2365.142992,27702.66331,31560.285971,760374.213086,34818.926929,124149.818818,8558292.87222191,2019621.311045,856821.2322879999,10702064.002084909,393295.071988,469131.28199,1177881.22541065
2022-05-01,1618187.4690785469,2454.156023,28058.097601,31642.17206,785189.70305,26592.393674,126255.280122,8513581.142246,2045047.470793,873936.5224080001,10684883.893161,383466.69652707,387136.396486,1279870.6241435688
2022-06-01,1629216.363199,2421.577935,27238.70599,31856.879143,747980.36162,29269.25864,126975.766919,8598151.649427969,2043612.738779,838766.783328,10768740.155125968,381892.15771894,387201.395075,1288745.55285912
2022-07-01,1640678.635428,1610.98579,23989.051358,32805.182393,743150.342399,29460.458632,120204.379902,8688681.977447,2006367.115692,831016.020572,10815253.473040998,350396.661759,401429.807234,1306318.356393
2022-08-01,1693480.366186,1423.7828717300001,23860.727205,30363.428745,773077.864302,31980.883175,124279.674289,8751823.889022,1998080.472274,860706.68629873,10874184.035585,345218.30104,360416.448372,1202208.872209
2022-09-01,1722157.288124,1617.409818,23920.717607,51516.741784,786455.880996,36010.546759,129345.541331,8822848.59161615,1991828.690519,899521.2969640001,10944022.82346615,334241.548051,391078.2045993236,1307272.321939
2022-10-01,1736094.669924,1582.170989,18612.723964,28323.180642,765852.5312937801,36897.306614,124883.109729,8881695.70270312,2013359.61212233,851267.9135027801,11019938.42455445,335345.669443,354282.268626,1439191.734901
2022-11-01,1766508.23627925,1925.440365,19109.181942,61437.676148,744210.6314231601,42676.152934,145171.778465,8958984.609807,2035284.809501,869359.0828121601,11139441.197773,332436.71119226003,336004.584433,1397133.8334049599
2022-12-01,1785316.837656,2188.828899,16819.902196,60761.59223,711543.795826,57658.729983,128037.310286,9043455.214803,2038383.39776028,848972.849134,11209875.92284928,362071.428328,272432.2909316825,1405675.667569
2023-01-01,1798393.296084,1203.408891,15436.855227,44234.648595,680771.523307,63942.170498,141902.960248,9106956.855027,2038090.527214,805588.606518,11286950.342488999,317964.43533703004,325689.009312,1468510.439954
2023-02-01,1795693.208317,5142.483899,13531.737354,44346.928887,660013.190201,46421.231347,220701.211286,9110543.964603,1976870.837754,769455.571688,11308116.013643,302504.997821,268788.4525079464,1540804.981031
2023-03-01,1760068.335381,9011.836905,15892.932512,55954.393341,649209.356836,40560.487493,182057.769245,9181704.41405491,1804874.405558,770629.007087,11168636.58885791,293800.869758,229876.7488164934,1505831.071096
2023-04-01,1782553.336106,10653.249812,9084.128203,50551.121025,684533.323626,42467.559546,179454.035042,9279980.485559,1793567.70771,797289.382212,11253002.228311,300692.78481,253323.789949,1584894.039984
2023-05-01,1775334.628222,11377.581012,8198.226798,60155.812194,700581.783039,41954.854693,234696.068605,9340857.784553,1628128.110107,822268.257736,11203681.963265002,287147.69828358997,171074.0301452716,1536852.511135
2023-06-01,1810951.821054,15691.485342,11627.397896,43521.273955,707304.951201,41678.133149,248984.23204,9421578.224162,1762590.724591,819823.241543,11433153.180792999,278078.417844,174514.151264,1584814.845476
2023-07-01,1831709.309849689,16318.199458,11793.5161,39897.85656,708080.072199,45564.758704,212495.592299,9549367.74043,1863869.061416,821654.4030210001,11625732.394144999,271104.245232,194935.377819,1592769.862889
2023-08-01,1826357.409899,15227.745098,9441.610713,44920.810399,687204.595873,47337.192997,310427.029972,9525014.607376,1905606.065338,804131.95508,11741047.702686,274360.542295,172951.250807,1612618.007945
2023-09-01,1835864.226951,15678.917226,11422.380842,48305.808023,685606.539635,40718.836939,408527.265602,9604053.621116,1926021.094069,801732.482665,11938601.980787,270669.472506,183661.580749,1636303.351304
2023-10-01,1849000.848132,12191.711503,7897.501665,43453.348768,683665.908467,41770.487052,623964.81284,9677542.896084,1962363.62143,788978.957455,12263871.330354,271974.031183,181088.731484,1539497.888153
2023-11-01,1870164.0825363,12229.42196,8747.014676,50145.262858,675616.822975,60106.784615,617938.888829,9736518.600496,1974683.1398558998,806845.307084,12329140.6291809,257282.726085,173300.279005,1563687.629627
2023-12-01,1871976.470692,12289.024948,10875.529513,79151.766808,757898.324927,42112.015325,614474.066058,9827026.19517276,1963542.7866991202,902326.6615210001,12405043.047929881,265126.012216,165423.389375,1663433.639369
2024-01-01,1924011.117098,7877.188916,7484.79089,47212.616585,718501.185464,43262.483999,635351.624129,9843031.99803645,1916456.117348,824338.265854,12394839.73951345,262877.27518,168215.790796,1679678.429211
2024-02-01,1965515.264153,1100.850974,14870.14606,44609.1206,722901.448698,46261.632987,697642.070581,9940211.01697726,1897493.078864,829743.1993190001,12535346.16642226,266297.972118,156629.064158,1627933.154315
2024-03-01,1951510.21229131,11431.702633,8183.792613,53348.82559,748120.178937,43210.553206,606545.453671,10017009.798071621,1821139.268449,864295.052979,12444694.520191621,260478.049021,155315.470965,1709011.017687
2024-04-01,1945671.879692,7814.854442,9069.006499,53850.948125,788956.032475,49353.261639,621310.36518,10133460.34190551,1803511.938371,909044.1031800001,12558282.645456512,229633.062908,156460.664415,1670576.84030337
2024-05-01,1916429.16983943,7140.87717186,11783.91725533,49360.734453,784619.0675161873,39211.533833630005,707998.560095,10297135.16084269,1842365.8618967403,892116.1302300073,12847499.58283443,239790.525492,163031.636415,1565546.7713774072
2024-06-01,1921129.67143911,9323.397404,8834.449384,76996.003672,796574.255404,39980.08748,679565.751834,10353081.788402,1864518.169794,931708.193344,12897165.71003,241569.06243639998,157796.957656,1597048.51563567
2024-07-01,1966600.676741,8016.629027,8740.286972,50522.323307,783707.078271,40561.780999,734490.244936,10424612.552386,1888498.167096,891548.098576,13047600.964418001,212396.302925,173905.09975,1595467.1141466298
2024-08-01,2015965.603827,7497.897929,11342.616837,46370.294543,789620.566911,41767.279637,813408.868951,10428064.2608064,1914280.42686967,896598.655857,13155753.55662707,223542.863029,174444.532041,1538949.984456
2024-09-01,2037287.321132,12978.38161,9344.44098,48234.949968,797599.319682,47154.000817,858722.731153,10496904.753686,1905223.248744,915311.093057,13260850.733583,260275.143189,160461.058756,1635100.7855588999
2024-10-01,2055329.135996,8098.383071,9623.506704,49663.967212,788580.616991,40992.864453,1048676.738705,10563267.997464,1901957.840172,896959.338431,13513902.576341,259311.277294,149920.616319,1643095.25716257
2024-11-01,2081808.78289,7714.725773,10306.31539,48565.002585,789924.238357,39875.466945,1176901.243099,10636695.824258,1915706.505629,896385.74905,13729303.572986,265126.19014528,157068.15615035,1664564.33172226
